"Très belle équipe... Gestionnaire très compréhensible, honnête et de parole. Le secteur Communication et Sécurité est très stimulant et bouge beaucoup."
"Je ne regrette qu'une seule chose de mon expérience, c'est que je sais que j'aurais vécu une expérience plus satisfaisante et que j'aurais eu un meilleur encadrement si on m'avait donné la chance de travailler avec un autre cadre supérieur, plus aptes à travailler avec du personnel d'expérience."
Environment de travail productif et agreable -----
"Accueillir et répondre aux besoins de la clientèle
Servir les clients en effectuant des transactions dans leur compte
Effectuer retraits, dépôts, encaissement de chèques
Enregistrer les dépôts de nuit
Produire chèque visé
Répond aux demandes spéciales en fermant des comptes ou produire des arrêts de paiement
Prendre commande de chèques
Vendre et/ou acheter des devises étrangères
Recevoir et acheminer les appels téléphoniques"
"J'ai adoré travailler pour desjardins. Le seul problème est la pression mis sur les épaules des employés. Il y a des salles de détentes et ce n'est pas pour rien. C'est extrèmement demandant mentalement. Les membres mécontent, qui croit connaître ton emploi mieux que toi. Malgré tout, on doit d'en tenir aux standard de courtoisie et les remercier d'avoir appelé. Pour moi c'est une aberration."
Carrière aujourd'hui terminée. Recommencerais si possible.
Belle opportunité de développement. Compagnie humaine !
"travail motivant, coopératif, esprit d'équipe, culture membres et clients très forte"
Malgré mon congédimemt que je considère injuste car était en fait un conflit de personnes avec gestionnaire je recommende l'entreprise
"J’adore . Très humain envers leurs employés .
Technologie à la fine pointe"
"Expériences enrichissantes du coté professionnel et personnel.
"
"Tout le monde est très aidant. Le rythme semble être très différent d'une équipe à l'autre. Les salaires ne sont pas des plus compétitifs mais ce n'est pas très stressant non plus comme environnement de travail. Overall, de bonnes personnes, un bon environnement de travail, des projets divers. Beaucoup de gens sont chez Desjardins pour y rester jusqu'à la retraite."
"J'ai travaillé pour cet employeur plusieurs années, ce fut agréable.
"
"que du positif , ils comprennent qu'a part le boulot on a une autre vie personnelle , et ils sont flexible au niveau des horaires , bien-sur pour nous aider a concilier les deux vies . la direction prennent nos suggestions et fait ce qui est dans leur possibilité. En gros , je conseille fortement cette entreprise"
"Flexibilité de travail , formation continue , belle ambiance de travail."
"aucune reconnaissance pour le travail et les efforts,"
Organisation hiérarchique et qui prône le consensus. Collègues sympathiques. Culture de collaboration.
Fier de faire partie de Desjardins ! Je vous invite fortement à intégrer cette belle famille
"Desjardins peut être un bon employeur mais aussi peut en être un très mauvais.

Dans mon cas mon handicap même si léger et même si pas nommé comme raison de la fin de kin contrat à clairement fait la différence. Et pas d'adaptation faite aucune pour m'aider."
"Culture du diviser pour mieux régner.
Favoritisme, copinage et plus si affinités !
Gestionnaire incompétent, se tourne les pouces en déléguant toutes ces tâches.
Osez dire non et c'est l'humiliation ,intimidations et l'isolement qui vous attendent !
Recrutent en permanence vu les démissions successives.

Fuyez, si vous ne voulez pas y laisser votre santé mentale et physique."
L'environnement de travail est bien. Le travail d'équipe est bien et les avantages sont correct. Il y a beaucoup de possibilité d'avancement
An excellent place to work at. Many opportunities for growth and to display initiative at the workplace. Highly recommend internships here for students looking for experience.
Je recommande d'y travailler. Nous retrouvons une panoplie de projets où nous pouvons développer nos talents.
Plusieurs possibilité d'avancement possible et promotion de l'évolution de la carrière à l'interne.
"Chez Desjardins les employés sont important. Nous avons une liberté d,expression et les bonnes initiatives sont encouragées."
"Bonne entreprise avec de belle valeurs toujours prêt à aider et supporter ces employé(e)s

Les technologies sont à la fine pointe et les défis sont nombreux"
Tres bonne expérience de travail chez Desjardins. Pour moi elle fait partie du top 10 des meilleures entreprises.
Très bel endroit pour démarrer sa carrière. Beaucoup de possibilités d'avancement.
Le salaire ainsi que les avantages sont exceptionnelles.
"Malgré une ambiance chaleureuse et des collègues hors pairs, sans compter le soutien infaillible du superviseur immédiat, le travail est tout de même stressant. Plusieurs cas à régler par jour, et parfois l'état émotionnel est dérangé. Toutefois, malgré tout, je conseille cet entreprise à n'importe qui, car tout le monde y trouve son compte. Entre le salaire TRÈS compétitif (en centre d'appel du moins) et la qualité de vie, Desjardins mérite largement au moins 4 étoiles."
La gente hace que el trabajo es agradable. Posibilidades de promocion para los que pujan mucho.
Ils sont généreux et de bon employeur pour les gens qui démarre dans la vie .
esprit collaboratif et pas de compétition entre les collègues.
Je ne veux pas que mes démarches d emploi soient connues de mon employeur. Merci
Nombreuse réorganisation rend instable l'environnement.
malheureusement jusqu'à maintenant je n'ai pas eu l'occasion de démontrer mes connaissances.
"Bonne ambiance, très beau défi d'emploi. bonne gestion"
Disons que le tout dépend de son poste / département
"Place de fou. Aucun respect pour le monde, on leur doit tout a les entendres. Vraiment la pire place ou j'ai travailler. Plus jamais ces sur. Je vous le souhaite pas, vous aller vous scrapper pour rien, y seront jamais reconnaissant et vous aller juste perdre votre temps."
"Grâce à son roulement, beaucoup sont appelés, mais peu sont gardés! Le service de ventes est extrêmement stressant, puisqu'il faut faire des pitchs soi-disant scientifiques, avec des mots précis, au moment précis, bref, aucune liberté n'est tolérée dans l'approche-client. Par contre, pour une personne qui a besoin d'un emploi temporaire ou à court terme, c'est parfait. Attention de ne pas espérer faire évoluer sa carrière au sein du groupe..."
Bel environment pour grandir dans le domaine financier
La diversité d'activités et l'opportunité d'interagir avec different personnes. Il y a divers défis au cours de la journée mais le travail en équipe favorise la realisation des objectives.
Performance au lieu de service à la clientèle. Direction qui est seulement motivée par les profits.
"En 1 an, j'ai évolué d'un grade, soutenue par mes gestionnaires. Ce qui est pratique chez Desjardins que les possibilités d'évolution sont intéressantes et selon la direction dans laquelle on travaille--et la volonté de la/du gestionnaire, une formation peut être payée."
Ce fut une expérience riche et agréable. Je serais très heureux de pouvoir retravailler pour Desjardins.
Desjardins entreprises est un employeur de choix. Le bien être des employés est au premier rang. Le télé travail est offert aux employés. Le travail d'équipe est présent.
J ai eu au cour des ses 9 dernière années beaucoup de formation et de changement .J 'aime travailler pour eux se que j ' aime beaucoup moin c ' est la gestion et leurs dernières décisions.
Assurance et salaire super! Ambiance joyeuse et énormément d'entraide.
Répondre au besoin de clients tant au volet crédit qu'épargne
"c´ est une bonne opportunité pour les étudiants ,au niveau de l expérience et aussi au niveau étude car ils peuvent travailler et étudier en même temps de plus Desjardins offre des possibilité de poursuivre leur carrière en leur offrant des cours payer par Desjardins"
Manque de direction ambiance de travail moyen tout le monde ce refoule le travail à faire
agreable encourage la collaboration entre les coéquipiers
Environnement de travail permettant de tisser des lien facilement avec nos collègues
"J'y ai réalisé mes meilleures performances de vente en carrière. On m'a donné la latitude, l'autonomie et la confiance nécessaires à la réalisation de mes objectifs afin d'établir mon propre plan d'actions et stratégies de vente basées sur mes talents et mes compétences. J'y ai connu un immense succès dont je suis très fière. L'aspect le plus difficile est de renouveler constamment ses stratégies de développement des affaires puisque que c'est un domaine très compétitif."
"Bon environnement de travai! Salaire d'entrée excellent.
Peu stressant et les avantages sociaux sont biens."
Desjardins est une bonne institution qui prend soin de ses employés.
Tous les employés sont prêts à aider et les gestionnaires sont très compréhensifs et aidants.
discrimination et injustice envers les immigrants. Salaire qui fait vivre dans la precarite.
"la seul deception que jai face a desjardins est le fait que les rep hypothecaire sur la route ne soit pas traiter comme des employers
aucun avantage sociaux aucun salaire de base.

Le directeur Eric Trudeau une merveille super aidant vraiment present pour son equipe a le desire de gagner tous ensemble meme si chaqun a un role individuel de travailleur autonome"
"Équilibre vie famille, avantage sociaux intéressant"
bonne organisation des tâches et entreprise excellentes
"Le télétravail est instauré chez Desjardins et augmente en popularité pour les postes qui ne sont pas des postes de 1ere ligne en personne. Certains postes de service clientèle au téléphone peuvent se faire de la maison ainsi que beaucoup de poste de professionnels. Les lieux de travail du complexe Desjardins ont été rénovés pour avoir un espace épuré avec différents secteurs (collaboration, concentration, salles variées, etc). Les employés n'ont alors plus de bureau fixe, mais plutôt un casier où déposer leur effets qu'ils prennent lorsque sur place."
"La realité c’est qu’ils disent que très rarement la vérité. Nous affirme que le poste est de 14h à 21h alors que c’est toujours 21h. Nous dit qu’on est temps partiel , mais la réalité c’est qu’il nous met le 21 heures sur 4 ou 5 jours. Les horraires sont toujours de 13h à 21h , donc oublier les soupers de famille vous n’en aurez jamais. Il nous parle d’avantage sociaux alors qu’il faut êtpermanent au mouvement pour y avoir accès , et vous pouvez passer 3 ans chez Desjardins en restant temporaire. Pour devenir permanent il faut avoir des bonne statistiques met que vous ne vous vous absentez jamais même si c’est pour aller à l’école pu encore aller chez le medcin."
"Équilibre vie/travaille intéressante, processus lent et travaille en silo"
j ai passé un entrevue il y a 43 ans et j ai travaillé 37 ans chez Desjardins retraité depuis 2012
"C'est une entreprise sérieuse et fiable. Tout le monde connaît son travail et le fait bien. On travail en équipe , on aide les autres et les autres en font autant pour nous."
Desjardins est très ouverts au bien-être de ses employés
"Le Mouvement Desjardins oriente tous les employés vers les cinq valeurs fondamentales de l'entreprise : humain, performant, simple, moderne et joueur d'équipe.

Les comportements des 45 000 employés sont orientés vers le membre-client. En tant que membre de Desjardins, nous devons améliorer les processus pour les rendre humain, le plus simple et performant possible tout en restant humain et un joueur d'équipe.

Quotidiennement les ressources sont appelés à remettre en question les processus qui ne répondent pas à ces critères et à proposer des solutions aux collègues ou gestionnaires.
"
"Je suis toujours chez Desjardins.
plusieurs amélioration continue sont en branle.

Desjardins ne cesse de changer pour s'adapter au besoin des membres.
"
Beaucoup de remplacement et insatisfactions des membres aux changements.
"Super employeur, bons bénéfices, milieu de travail convivial"
"L'entreprise est bonne, malgré que c'est peu payé pour la charge de travail. Surtout au niveau N6. Il y a de très bon emploi chez Desjardins."
Financements et placements pour une clientèle mixes
une vie agréable au travail c'est être de pair avec les valeurs de l'entreprise et avec ses collègues de travail.
Desjardins doit evoluer constament et composé avec le defis de la grosseur de la cie ce qui en fait un frekn a l'evolution.
"Excellents avantages sociaux et conditions de travail, mais culture d entreprise pourrite et comportements souvent douteux de nombreux gestionnaires. Desjardins est un gros employeurs alors peut etre difficile à contourner dans un parcours de carriere. A eviter si possible."
"Esprit d'équipe amélioration pas a pas :)
Accueil chaleureuse
félicitation pour les bons cous et coaching pour amélioration point par point.
Très bonne communications"
"Les collègues sont toujours prêts à aider, travail d’équipe"
"Desjardins est une compagnie que j' aurais aimé rester,mais malheureusement non. je me cherche une compagnie que je vais aimé travailler."
"Je travaille pour cette entreprise depuis 2005. Ce que j’aime le plus de mon travail est sans aucun doute le côté humain, le service à la clientèle. L’aspect le plus difficile c’est le manque de temps pour réussir à finaliser tous les demandes de financement."
"Beaucoup d'avantages sociaux
bon encadrement
bonne écoute
conciliation famille
possibilité d'avancement
autonomie
rabais avec les marchands"
"Je travaille pour Desjardins depuis 5 ans, et les procédures de travail ont évoluées avec le temps facilitant l'environnement de travail et la qualité de travail."
Assurance et rabais sur plusieurs compagnie 35-40 heures de travail formation fourni par l’employeur rabais carte autobus rabais au gym rabais sur les hôtels
"très bon entourage de Management et un bon environnement de travail, bien sécurisé avec pleins d`avantages"
"Belle culture d'entreprise, possibilité de carrière multiples, belles valeurs."
J'ai beaucoup aimé travailler chez Desjardins durant toutes ces années.
"Bon emploi, les employés sont bien traités, et les conditions bonnes. Beaucoup d'encadrement au début, pour habituer les employés, et laisser aller graduel vers l'autonomie. Bon processus d'apprentissage."
"Je travaille chez Desjardins depuis presque deux ans et j’adore. Les horaires sont flexibles, nous avons une belle liberté. Certains départements ont le télétravail ce qui est super. Le salaire est très bon et l’avancement est facile. Je recommande vraiment!"
Desjardins permet une flexibilité d'horaire et paye les frais scolaire lorsque tu passe le cour
"J’ai travaillé à la banque TD pendant quelques années et en arrivant chez Desjardins, j’ai immédiatement constaté la différence entre les cultures des deux entreprises. Chez TD, on favorise l’efficacité, on fait tout en notre possible pour ne pas perdre de temps avec des procédures inutiles, on s’assure que tout est « smooth » et « streamlined ». Chez Desjardins, on à l’impression de travailler pour le gouvernement. Tout est lent, les ressources humaines ont beaucoup trop de pouvoir et tout doit passer par eux, ils sont lents et inefficaces."
Il est plus ou moins difficile d'avancer dans toute institution financière et le salaire n'est pas représentatif de ce que tu fais au courant d'une journée.
"Bon endroit de travail. une vrai atmosphère de famille, tout le monde connait tout le monde."
J'ai travaillé pendant 5 mois comme téléconseiller sur la vente d'assurance solde de credit. Trop de pression sur les résultats sur un produit difficile à placer et toute la cohorte a été congédiée en qq mois!
"Desjardins est une belle boîte avec de grandes valeurs et de grandes ambitions.

Le problème? Chaque groupe, chaque équipe est comme une micro-organisation, donc, vous n'êtes qu'un numéro parmi tant d'autres.

Les journées, chez Desjardins Assurances et dans la plupart des autres départements du grand Desjardins, sont redondantes et on peut se lasser facilement de l'emploi.

L'emploi est très demandant, de la formation jusqu'à l'entrée en poste, et même après tout cela, vous aurez toujours de la pression de la part de votre management.

Il y a par contre une belle culture de travail, je dois l'admettre, mais si vous angoissez à vivre une vie normale de faire vos heures de travail régulières et d'être assis à un bureau pendant une grande partie de votre temps, cet emploi n'est pas pour vous.

Organisation typique dans laquelle vous devrez vous entourer des bonnes personnes pour pouvoir avancer."
"Chez Desjardins, on en apprend tout les jours sur diverse sujets liés à la vie de tout les jours. L'équipe est très soudé et bien formé. Dynamisme et motivation sont toujours présent."
"Horaire de travail permettant une bonne conciliation travail-famille.
Culture de l'entreprise axée sur les valeurs coopératives."
Les avantages sont très bonne avec un bon fond de pension
Le climat de travail actuel est instable au niveau de la direction immédiate à mon secteur d'activité.
"Belle conciliation travail-famille.
Gestion humaine.
Bonnes conditions de travail."
"J'ai adoré travailler au complexe Desjardins, le seul point négatif était le temps de transport que j'avais à faire pour l'aller-retour. J'ai eu la chance de travailler avec des personnes compétentes ainsi que merveilleux directeur."
"Sécurité d'emploi, salaire, avantages sociaux au rendez-vous. LA direction se désintéresse trop de ses employés pour profiter au maximum de leur potentiel."
"Culture de harcèlement psychologique .
Beaucoup de burn out ."
"Après avoir évolué pendant plus de 3 ans comme étudiante et avoir eu la chance de progresser (comme je pouvais dans mon département) Celui-ci a vécu une vague de départ des gestionnaires qui faisaient la vie et la différence de ce département. L'ambiance à chuté, les gestionnaires ont triplés leur nombre de réunion. Il n'y avait plus de gestion sur le plancher. J'avais déjà une bonne expérience sur le plancher et ai pu orienter et aider les nvx et mêmes anciens employés."
"Cette organisation m'a permis d'évoluer dans ma carrière et de grandir en tant que personne. Grande fierté de travailler pour eux. Compréhension, flexibilité d'horaire, humain, dynamique, travail d'équipe au quotidien!"
Desjardins fait son possible pour permettre aux employés et aux clients d'avoir une expérience exceptionnel au sein de l'entreprise
"respect des clients et des employés
horaire de travail agréable
possibilité d'avancement"
"J’adore travailler à cette endroit, le seul point négatif selon moi c’est les heures qui sont non garantie ..."
"aucune reconnaissance pour les employers,
pas vraiment le fun a travailler pour eux"
Une expérience enrichissante et un travail minutieux.
"Avantage sociaux, Grande possibilité d'avancement."
"Desjardins ne considère pas ces employés à l’interne afin de grandir dans l’entreprise.
J’ai un BAA et toutes les compétences nécessaires pour être Directrice de comptes, mais jamais on a considéré m’a candidature après deux tentatives dans des postes débutants.
Ils préfèrent les nez brun.

Si vous avez chercher la sécurité d’emploi et aucune évolution. C’est l’endroit pour vous.

Idéale pour Les congés de maternité !"
L'employeur a à coeur l'évolution de carrière des employés
Travail d'équipe et individuel basé sur la confiance mutuelle. Horaire de travail qui se veut favorisant d'un équilibre travail-famille. Cadre de travail normé. Excellent environnement général.
"Super entreprise!
L'esprit d'équipe est fantastique!"
"very good working environment. very cmfortable, very friendly co workers. no one makes you felt left out. only stress is customers yelling for claims.
"
Desjardins met de l'avant le changement technologique pour améliorer notre travail.
J'ai acquis de l'expérience et j'ai appris en travaillant avec une équipe très dynamique
Belle expérience. Très bon avantages. Gestionnaire toujours disponible pour aider
L'environnement de travail est très agréable et il y a un bon esprit de collaboration dans les équipes.
Emploi intéressant dans un lieu de travail dynamique
Nous ne somme pas pris comme des individus mais plutôt comme des numéros.
Un emploi qui m'a appris à analyser les besoins des membres et leur proposer une offre de service complet qui répond à leurs besoins. Interagir avec les clients était une majeure partie de mon travail. J'ai dû développer mon côté vendeur et analytique pour respecter les chiffres que les employer doivent respecter.
"J'ai travailler pour Desjardins pendant 35 ans...Je suis a la retraite .
J'ai toujours eu de l'entregens et travailler en équipe était ma force."
L'entreprise se trouve pris entre une désir de croissance et sa mission sociale.
"...Contrat temporaire, environnement en mouvement."
"J’ai aimé mon travail, j’ai appris beaucoup les ordinateurs plus service à la clientèle très important chez Desjardins."
Simplifier la structure est requise et engager des directeurs avec un profil intrepreneur seraient requis afin d'amorcer le véritable changement.
"A l'arrivee tout semble parfais meme si on ne te donne pas un poste permanent mais on te promet qu'en dedans de 1 an can va arrive. Pourtant , plusieurs de mes colleges etaient la depuis plus de 1 an et Demi et pas encore de poste permanent!! Le salaire est moyen vu mes etudes et pas beaucoup de posted ouverts meme s'il engage a volonté. Tres decu de Mon experience , je m'attendais a vraiment plus de cette compagnie. Gestionnaire qui pense seulement au resultat, aucune intention positive envers les nouveaux employee."
"Desjardins est l'un des meilleurs employeurs au Canada et est reconnu pour sa culture et son moyen de penser innovant, différent et intégrateur. En tant qu'étudiante à temps plein, j'ai toujours eu de la facilité à balancer mes études et mon travail en ayant toujours des chefs de service à l'écoute et flexible. Les avantages sociaux ainsi que l'environnement de travail nous motive à donner le meilleur de soi et de donner le meilleur service à nos membres. J'ai adoré mon experience et je recommande Desjardins à tous!"
"Excellente entreprise, bon environnement de travail"
"très professionnel, accueillant, excellente communication et bonne ambiance, tout le monde et à l'écoute et prêt à vous aider, donc un esprit de groupe solide"
C'est dans cette entreprise que j'ai appris a travaillé en équipe. Elle offre d'excellente condition de travails et une ambiance de travail motivante.
Très flexible au niveau des horaires étudiants. Compréhensifs et chaleureux
en tant que conseiller nous ne pouvons pas concilier vie travail-famille. Il s'agit d'une belle place pour acquérir de l'expérience
"L'un des plus grand employeurs du Québec, avec des conditions de travail correctes"
"Milieu de travail plaisant, les directeurs étaient très compétents, les superviseurs aussi, les tâches agréables et l'équipe était très belle, si ce n'était pas la nouvelle restructuration de Desjardins qui a causé le départ de beaucoup de monde"
Jai aimé beaucoup plus le travail physique et posséder ma propre compagnie.
Le boulot est vraiment avec la spycolgy et cela arret jamais 24 sur 24 tu est en reflection pour toujours trouvé plus petite des graine que ne te laisserait meme pas imagin. Que cela était rendu des arbre qui dit toujourd en alertte
DG avec des agendas cachés; game de pouvoir malsaint; CA aucun rôle utile envers le mauvais management ; malsaint ; contente d’en être sortie. Aucune sécurité d’emploi reelle; beaucoup de plaintes aux normes
"Horaire flexible
Mes collègues sont à Lévis et Montréal.
Travail en mode virtuelle, Skype et via des courriels.
Beaucoup d'action.
Débrouillardise et rapidité sont des qualités importantes."
Excellents avantages et salaire. Le télétravail est dans la culture de l'entreprise
Si vous aimez travailler dans un centre d'appel avec des appels back a back c'est pour vous! Manque de formation continue de la part des gestionnaire.
Patron toujours sur ton dos si tu fait une erreur par la suite on te lache pas. Patron au dessus de tout le monde et te le fond savoir forcé à vendre service sur chaque appel meme si le client en a vraiment pas besoin. Je comprend toujours pas comment ils fond partit des meilleurs employeurs au Québec. Sa sens l'enveloppe brune si vous voyez ce que je veux dire.
"tout le monde s'aide , travailler en équipe , ambiance très agréable"
Cette mission m'a appris à quel point j'arrive à m'adapter facilement et à me débrouiller.
"Travail interessant, et l'équipe aussi était attachante"
Si vous voulez de l'argent c'est pas mal. Si vous voulez tomber en dépression c'est bien aussi: 5 secondes entre chaque appel. Superviseur nous mettent toujours sous pression. On se sent comme des robots.
"Un personnel très humain, beaucoup d'échelons à grimper"
L'horaire est peu flexible mais les plages sont variables à chaque jour. Il est donc possible de faire une bonne gestion du temps.
"L'emploi idéal si travailler comme un robot vous intéresse. Conjuguer vie personnelle et travail tres difficile. Bons avantages sociaux c'est tout ce que j'ai a dire sur cette entreprise. Management tres accer sur les résultats et peu sur l'humain. Ils mettent beaucoup l'accent sur l'expérience client au détriment du bien être de leur employés, des numéros. Heureux d'avoir quitter cette entreprise."
"une belle équipe avec de bon dirigant. En général, très bien"
Malheureusement mon métier a été aboli mais j’ai aimé travailler avec mon équipe
"Idéal pour étudiant , il n’y a pas vraiment de consoliation famille - travail"
l'ambiance au travail et les gestionnaires sont super
"aucun avis particulier sur cet emploi, bon emploi pour les personnes encore aux études"
"une belle experience enrichissante, qui a de nombreuses avantages."
"Gestion de la capacité et planification des installations futures, ajuster le tout au besoin en discutant avec les partenaires. Suivis des installations et demandes des projets pour les installations et besoins futurs. Savoir se retourner rapidement pour ajuster les dossiers en cours est partie prenante de mon quotidien.
Très grande ouverture d'esprit et de communication dans cette entreprise et le travail d'équipe et de collaboration est très recommandé."
"Dans cette compagnie, j'ai eu de bonnes années. Les conditions salariales sont bonnes ainsi que les avantages sociaux. J'ai eu la chance de progresser au cours de mes 14 années. Par contre, dans mon département, les dernières années ont été difficiles car il y a eu plusieurs changements de directeurs, nous étions mal supportés."
"Je suis très satisfaite de mon emploi étudiant là, ils savent que parfois les examens prennent la première place. Je conseille ce parcours!"
Beau travail de collaboration entre collègues. Travail sur la route plaisant.beaucoup de formation
"Environnement traditionnel, pour certains gestionnaires de la direction principale et la vice-présidence, le gestionnaire doit bien paraître coûte que coûte plutôt que de faire les bonnes choses pour les bonnes raisons. Gestion inefficiente de l'argent de membres.
"
"Je travaillais avec la clientèle , je répondais aux besoins des clients selon leurs besoins.

La culture des jardins est accès sur l'être humain , ce qui nous pousse à travailler fort et dans un milieu convivial.

S'occuper des clients a été toujours un désir profond de mon cœur."
"Passionnée sur la gestion du risque et de sécurité de l’information, je souhaite poursuivre ma carrière dans un poste où mon plaisir dans l’analyse et ma persévérance seront utiles pour l’organisation.
"
"Emploi stimulant et motivant, Je gérais une équipe de vente en produits financiers."
"Formation professionnelle acquis avec l’agence Mcmr, caissière et services à la clientèle . Déjà travaillé dans quelques succursales de la région de Vaudreuil soulanges , Salaberry-de-Valleyfield ainsi rive sud .
J’ai adoré travailler dans les caisses Desjardins c’est une belle ambiance ou l’opportunité d’avancement est toujours présent"
"Cette employeur est très amicale, courtoise, humaine. Elle recherche justement des personnes âgées ou en santé mentale si vous connaissez des gens comme référence n'hésitez pas."
"C'est une super belle ambiance de travail. J'ai beaucoup appris sur le service à la clientèle. De plus, j'ai prit beaucoup d'expérience avec les cocktails au service bar."
J'ai beaucoup aimé mon expérience au sein de la Confédération des Caisses populaires Desjardins. Cet emploi m'a offert plusieurs possibilités d'avancement. Je sentais qu'on appréciais vraiment mon dévouement pour la compagnie et on m'a permit d'apprendre et de grandir d'avantage comme professionnelle.
"À chaque jours, j'apprend de nouvelles choses qui me seront utiles dans la vie professionnelle ou personnel.
Une journée classique dans notre équipe se résume pas une bonne ambiance, un désir d'offrir une expérience chaleureuse avec les membres ainsi que leur satisfaction."
"Passable . J ai appris a traiter les activités d épargne et de financement , comprendre les produits et services financiers . Parfois les journées étaient calmes mais parfois achalandées . Belle expérience"
"Bonne ambiance de travail, gestion positive de la part des patrons."
la ponctualité et le service à la clientèle est l'aspect le plus reconnaissant pour cette travail
Très bonne expérience en ce qui concerne la sécurité
Employeur exceptionnel. Belle environnement de travail.
L'aspect qui me semble le plus intéressant de travailler chez Desjardins est que les étudiants sont les bienvenus. Les cours sont payés par l'employeur dépendamment du domaine d'étude et l'horaire de travail est produits en fonction de l'horaire des cours de l'employé étudiant. Plusieurs autres avantages sociaux.
Mauvaise ambiance. Non flexible à la vie familiale. Chiffre de 3h par jour. Vente sur pression.
Super bien. Bonne équilibre travail et vie personnelle.
"je conseille a quelqu'un d'y aller travailler, c'est un emploi très bon surtout pour les étudiants."
Assez bien en general. reste des choses a ameliorer.
"bonne emploi, mais les horaires ne correspondent pas a ce que j'ai de besoin,
fini trop tard"
Une journée typique serait difficile à décrire car les journées se suivent me ne se ressemblent point. Mon travail est de répondre aux besoins des clients au niveau des assurances de dommages. Puisque j'effectue mon travail dans différents point de service ( deux caisses Desjardins) j'ai également comme devoir de développer le réseau du référencement au niveau des assurances avec les employés des caisses. Plusieurs coaching et présentations font donc parti de mon quotidien afin de m'assurer d'une bonne chimie et d'une bonne participation de mes collègues.
"Avantages compétitifs, environnement de travail positif"
"Bonne culture de compagnie , bon employeur, bonnes conditions"
"travaillé chez Desjardins assurance ma appris a développer mon esprit d'équipe, mon empathie, mon service à la clientèle, mon écoute active afin de répondre le plus possible aux besoins du client!"
J'ai beaucoup aimé travailler chez Desjardins où règne un bon état d'esprit et où j'ai rencontré beaucoup de personnes très compétentes.
"Après plusieurs années au sein du mouvement Desjardins, j'ai constaté une gestion du personnel et surtout une RH plus que limite...
Si les postes de caissiers et de Directeurs ( N7 max. ) sont accessibles à tous, en revanche, les postes d'encadrement supérieurs les mieux considérés et les mieux rémunérés sont encore destinés aux québécois. Cela est due en grande partie au système de caisses autonomes qui laisse aux petits chefs des décisions de recrutement et de RH très au dessus de ce qui devrait être admissible.
Beaucoup de ""copinage"" et de cloisonnement. Peu de place au respect de l'initiative personnel et à la reconnaissance.
Même l'évolution par l'acquisition de nouveaux diplôme ( MBA par exemple ) n'est pas valorisé, puisqu'il faut prendre de ses congés et de sa paie pour y avoir droit...
Bref, décevant.
Passez votre chemin si possible"
"J'ai passée plus de 14 ans chez Desjardins. Mes forces , le services aux membres , l'accueil et la manipulation de numéraire. La dernière année j'ai même remplacé la coordonnatrice. Au fils des années j'ai acquis de nombreuse connaissance: Tenue de livre, gestions des réserves de numéraire, retour et commande de numéraire , support au opération, offre de produits et services, travaille d'équipe, gestions des plaintes et insatisfaction et j'en passe ."
globalement c'est une bonne entreprise . Je la recomamnde
l'avancement des employés est à améliorer.Pour ce qui est de l'ensemble l'entreprise est recommandable
"L'entreprise est en changement. Il faut donc être dynamique, avoir une grande capacité d'adaptation et être fonceur."
"étant un travail de soir ,sa comportait ses avantages ( solitudes et possibilité d'écouter sa propre musique) comme ses désavantage ( 30 minute pour mangé qui çe rajoutait à la fin de la journée (5h30 au lieu de 5h)

un autre avantage du travail était les journée de congé et l'accessibilité du grand patron , rare on été les moments ou je n'ai pas eu mes congés et il était très facillement joignable via texto

je ne travaillais pas le weekend à moin d'une urgence
"
Certains gestionnaires réussissent à faire en sorte que la vie familiale et professionnelle sont bien équilibrées.
"Excellent benefits for its employees! Includes a wide assortment of insurances types, and benefits such as paying for employees schooling. Desjardins also is very implicated in the community"
Très bonne ambiance de travail. Employeur très respectueux.
"En général oui, on pousse beaucoup et on met beaucoup de pression pour realiser des ventes"
"Desjardins offers excellent work benefits including insurances, high hourly wages, etc. Working at Desjardins for so long had allowed me to learn lots about the world of finance."
"En général les Caisses Desjardins...très bon employeur, bonne avantages, bon travail d'équipe quand il n'y a pas de jalousie entre collègues"
"J'ai eu des postes de courte durée car c'était une agence de placement qui a fait faillite repris par MCMR.

J'ai aimer le service a la clientèle mais moins le changement a toute les semaines de succursales.
"
excellent employeur. Virage vers l'avenir. bonne possibilité
expérience professionnelle très enrichissante et bien fondée.
ENVIRONNEMENT DE TRAVAIL sympatique et agréable conciliation travail famille
Facilité d’intégration. Possibilité d’évolution intéressante. Environnement de travail enrichissant. Employeur reconnu au Québec.
"nouveauté, créativité, différents départements qui communiquent entre eux.
J'ai beaucoup aimé mon passage à Fiducie, malheureusement le travail était syndiqué et il y a eu une fusion entre 2 entités et pas de place pour les nouveaux employés."
"Un environnement dynamique, professionnel et axé sur le client"
Nous étions tellement diversifié que'aucune journée de se ressemblait ce qui rendait la chose plaisante.
Culture d'entreprise très forte et excellente vision de l'XC.
Belle endroits pour début de carrière et continuité
Culture d'entreprise basée sur la collaboration et le travail d'équipe
"Pouvoir bien cerner et comprendre les difficultés que les travailleurs étrangers éprouvent lors de leur séjour au Québec est l'aspect le plus satisfaisant de mon travail, car je sens la différence que je fais."
J'ai passé de belles années chez Desjardins. J'y ai appris a travaille avec le publique et j'y ai développé une approche client qui me sert encore aujourd'hui.
Esprit d'équipe tres poussé et surtout un accueil impeccable
