,name,id,content,retweets
0,didier pailloux,@didierpailloux,"Fils caché, compagne non divorcée... Toutes les réponses aux rumeurs sur François Hollande qui prolifèrent... http://po.st/LXRUvk  via @po",2
1,didier pailloux,@didierpailloux,Anne Hidalgo : François Hollande est-il le père de son fils ? Elle répond à la rumeur [Vidéo] http://www.telestar.fr/2015/videos/Anne-Hidalgo-Francois-Hollande-est-il-le-pere-de-son-fils-Elle-repond-a-la-rumeur-Video-96043 … via @Telestarmag,1
2,Patriote 732,@Satirique_canal,on a retrouvè le fils de hollande et hidalgo,0
3,grabotte,‏@chantalanni,François Hollande père du fils d’Anne Hidalgo ? La maire de Paris dément (encore) Publié par La rédaction le Jeudi 09 Avril 2015 : 16h09,5
4,grandy,‏@grandclaude3,@Anne_Hidalgo @Denis_Baupin @SFParisRugby vous emmenez vos fils? Bof c'est nul désolé Bon match sans ou avec hollande?,0
5,alberic de la villad,‏@LAVRAIDROITE,"@TacusselVictor @rubsaura Pas de doute, ce pistonné ne peut être que le fils caché d'Hollande et d'Hidalgo.",0
6,grabotte,@chantalanni,@ArseneAhouansou @RoyalCalin François Hollande père du fils d’Anne Hidalgo ? La maire de Paris dément (encore) Anne Hidalgo est récemment,1
7,grabotte,@chantalanni,@Elysee @fhollande @Anne_Hidalgo @Paris François Hollande père du fils d’Anne Hidalgo ? La maire de Paris dément (encore),0
8,grabotte,@chantalanni,François Hollande père du fils d’Anne Hidalgo ? La maire de Paris dément (encore) Publié par La rédaction le Jeudi 09 Avril 2015 : 16h09,1
9,Martineco,‏@martineco5,@chantalanni  Ah bon ! Si c est vrai   C est un tombeur ce F H ! Décidément on aura tout vu pendant ce quinquenat,0
10,Jacques Gravé,@gravejacques,@chantalanni il n'y a qu'à regarder s'il a l'air niais,0
11,AndreRebeuh,@ARebeuh,François Hollande père du fils d’Anne Hidalgo ? un petit test ADN donnerait la réponse sans ambiguité pourquoi ne l'ont-ils pas fait ?,0
12,grabotte,@chantalanni,François Hollande père du fils d’Anne Hidalgo ? La maire de Paris dément (encore) Publié par La rédaction le Jeudi 09 Avril 2015 : 16h09,4
13,BonBruteTruand,‏@BonBruteTruand,@Europe1 @Anne_Hidalgo comme un air de famille... Le fils caché de #hollande et #hidalgo ? LoL,0
14,grabotte,@chantalanni,François Hollande père du fils d’Anne Hidalgo ? La maire de Paris dément (encore) Publié par La rédaction le Jeudi 09 Avril 2015 : 16h09,0
15,Philippe Cattuzato,‏@direct_victoire,m.planet.fr/politique-francois-hollande-pere-du-fils-danne-hidalgo-la-maire-de-paris-dement-encore.834650.29334.html …,0
16,grabotte,@chantalanni,François Hollande père du fils d’Anne Hidalgo ? La maire de Paris dément (encore) Publié par La rédaction le Jeudi 09 Avril 2015 : 16h09,0
17,grabotte,@chantalanni,François Hollande père du fils d’Anne Hidalgo ? La maire de Paris dément (encore) Publié par La rédaction le Jeudi 09 Avril 2015 : 16h09,1
18,grabotte,‏@chantalanni,@tontonflingueu3 François Hollande père du fils d’Anne Hidalgo ? La maire de Paris dément (encore) Anne Hidalgo est récemment revenue,0
19,Arthur Rudy LABARRE,‏@ArthurLABARRE,@SenateurRYung http://www.planet.fr/politique-francois-hollande-pere-du-fils-danne-hidalgo-la-maire-de-paris-dement-encore.834650.29334.html …,0
20,DAVY PARKER,@DavyParkerll,...outai papa outai http://fb.me/6yiN3xCiP,0
21,Alex Majo,‏@hdstanton1,"Fogiel à Hidalgo ""vous remettez votre truc très poli"" http://www.telestar.fr/2015/videos/Anne-Hidalgo-Francois-Hollande-est-il-le-pere-de-son-fils-Elle-repond-a-la-rumeur-Video-96043 … la langue fr. tjours aussi maltraitée par c tocards télévisuels",0
22,Peter,‏@peterdoomoney,Anne Hidalgo : François Hollande est-il le père de son fils ? Elle ... http://mes-actus.fr/?p=125181  #alaune,1
23,Alex Majo,@hdstanton1,"Fogiel à Anne Hidalgo ""vous remettez votre truc très poli"" http://www.telestar.fr/2015/videos/Anne-Hidalgo-Francois-Hollande-est-il-le-pere-de-son-fils-Elle-repond-a-la-rumeur-Video-96043 … Quel effroi... la langue fr. par les tocards télévisuels",0
24,nation59,@nation59,Anne Hidalgo : François Hollande est-il le père de son fils ? Elle répond à la rumeur [Vidéo] http://www.telestar.fr/2015/videos/Anne-Hidalgo-Francois-Hollande-est-il-le-pere-de-son-fils-Elle-repond-a-la-rumeur-Video-96043 …,1
25,BRIENS de TOURVILLE,‏@briens6,F.Hollande père du fils d’Anne Hidalgo? La maire de Paris dément. Sacré François niqueur ! | Planet http://www.planet.fr/politique-francois-hollande-pere-du-fils-danne-hidalgo-la-maire-de-paris-dement-encore.834650.29334.html … via @planet_fr,0
26,grabotte,‏@chantalanni,François Hollande père du fils d’Anne Hidalgo ? La maire de Paris dément (encore) Anne Hidalgo est récemment revenue sur la liaison,1
27,sissi nelly,@C8C57,alain Blanc La République...Hollande une affaire de famille ? #Hidalgo #Royal et fils #Tierv et fils... http://fb.me/6LpYhJvM8,0
28,mangin,‏@fatimalouche,François Hollande père du fils d’Anne Hidalgo ? La maire de Paris dément (encore) | Planet Mobile http://www.planet.fr/politique-francois-hollande-pere-du-fils-danne-hidalgo-la-maire-de-paris-dement-encore.834650.29334.html … via @planet_fr,0
29,CroireEtOser,@CroireEtOser,"On parle de la famille Le Pen mais on pourrait aussi parler du clan Hollande : Royal, Hidalgo, Trierweiler mère et fils, Gayet....",15
30,alain Blanc,‏@a_nb01,La République...Hollande une affaire de famille ? #Hidalgo #Royal et fils #Tierv et fils http://bit.ly/1CtYR3B  ”,6
31,ocsena zaz,@OcsenaZaz,"Hollande a la baraka. Il est père du fils d'Anne Hidalgo disent ses ennemis qui le fustigent, mais lui illico en tire tout le prestige",0
32,Paris France News,@ParisFranceNews,François Hollande père du fils d'Anne Hidalgo ? La maire de Paris dément (encore) - http://goo.gl/alerts/MsFo  #GoogleAlerts,0
33,grabotte,‏@chantalanni,François Hollande père du fils d’Anne Hidalgo ? La maire de Paris dément (encore),1
34,mazabraud bernard,‏@beberenard,François Hollande père du fils d’Anne Hidalgo ? La maire de Paris dément (encore) | Planet http://www.planet.fr/politique-francois-hollande-pere-du-fils-danne-hidalgo-la-maire-de-paris-dement-encore.834650.29334.html …,0
35,coppolacorneh,‏@coppolacorneh,Cà vole haut le débat politique en France!! http://fb.me/1ULG4Hy2p,0
36,E.InfoGrandSudOuest,‏@alaindenerac,On s'en bas les c...................... !!! http://fb.me/7y2deoZWH,0
37,Jean-Louis TRCT,‏@GianluigiTRCT,François Hollande père du fils d’Anne Hidalgo ? La maire de Paris dément (encore) | Planet http://www.planet.fr/politique-francois-hollande-pere-du-fils-danne-hidalgo-la-maire-de-paris-dement-encore.834650.29334.html … Femme publique,0
38,Jean-Louis TRCT,@GianluigiTRCT,François Hollande père du fils d’Anne Hidalgo ? La maire de Paris dément (encore) | Planet http://www.planet.fr/politique-francois-hollande-pere-du-fils-danne-hidalgo-la-maire-de-paris-dement-encore.834650.29334.html … Que je respire si je mens!,1
39,frede33155,‏@FredericLalanne,ALERTE ALERTE ALERTE ALERTE !!!!le fornicateur hérectus à en core frappé http://fb.me/7fjq21uq2,0
40,in girum et coetera,‏@lamericaprod,François Hollande père du fils d’Anne Hidalgo ? La maire de Paris dément (encore) | Planet http://www.planet.fr/politique-francois-hollande-pere-du-fils-danne-hidalgo-la-maire-de-paris-dement-encore.834650.29334.html … via @planet_fr,0
41,Boumier Robert,@BoumierRober,François Hollande père du fils d’Anne Hidalgo ? La maire de Paris dément (encore) | Planet http://www.planet.fr/politique-francois-hollande-pere-du-fils-danne-hidalgo-la-maire-de-paris-dement-encore.834650.29334.html … via @planet_fr,0
42,ocsena zaz,‏@OcsenaZaz,François Hollande père du fils d’Anne Hidalgo La maire de Paris dément (encore) Planet.html http://www.planet.fr/politique-francois-hollande-pere-du-fils-danne-hidalgo-la-maire-de-paris-dement-encore.834650.29334.html?xtor=ES-1-820540[Planet-a-la-Une]-20150410 …,
43,Laufra François,‏@laufra2330,François Hollande père du fils d’Anne Hidalgo ? La maire de Paris réagit http://www.planet.fr/politique-francois-hollande-pere-du-fils-danne-hidalgo-la-maire-de-paris-dement-encore.834650.29334.html?xtor=ES-1-820540[Planet-a-la-Une]-20150410 …,1
44,gillou,‏@GillesStocklin,"Fils caché, compagne non divorcée... Toutes les réponses aux rumeurs sur François Hollande  prolifèrent... http://po.st/emUCeV  via @po_st",0
45,Conte jean,@contejb,m.planet.fr/politique-francois-hollande-pere-du-fils-danne-hidalgo-la-maire-de-paris-dement-encore.834650.29334.html …,0
46,missblabla75,@missblabla75,En attendant ce père est inconnu#François Hollande père du fils d’Anne Hidalgo ? La maire de Paris dément (encore) http://www.planet.fr/politique-francois-hollande-pere-du-fils-danne-hidalgo-la-maire-de-paris-dement-encore.834650.29334.html …,1
47,BRIENS de TOURVILLE,‏@briens6,François Hollande père du fils d’Anne Hidalgo ? La maire de Paris dément (encore) | Planet http://www.planet.fr/politique-francois-hollande-pere-du-fils-danne-hidalgo-la-maire-de-paris-dement-encore.834650.29334.html … via @planet_fr,1
48,Fab Ricewell,@Fabricewell,Qu'elle fasse ce qu'il faut pour prouver de qui il est ce gamin http://fb.me/4bm2Egfj3,0
49,grabotte,‏@chantalanni,François Hollande père du fils d’Anne Hidalgo ? La maire de Paris dément (encore) http://www.planet.fr/politique-francois-hollande-pere-du-fils-danne-hidalgo-la-maire-de-paris-dement-encore.834650.29334.html …,0
50,Planet.fr,‏@planet_fr,François Hollande père du fils d’Anne Hidalgo ? La maire de Paris dément (encore) http://bit.ly/1O8FR2O,0
51,Francois M. Duguet,‏@FMD37,François Hollande père du fils d’Anne Hidalgo ? La maire de Paris dément (encore) http://www.planet.fr/politique-francois-hollande-pere-du-fils-danne-hidalgo-la-maire-de-paris-dement-encore.834650.29334.html …,0
52,Politique,‏@Elysee_2012,François Hollande père du fils d'Anne Hidalgo ? La maire de Paris dément (enco... http://bit.ly/1EbVTWX  #Elysée http://fac.free.fr,0
53,Planet.fr,‏@planet_fr,François Hollande père du fils d’Anne Hidalgo ? La maire de Paris dément (encore) http://bit.ly/1FmRUbA,0
54,Jcrkan J-c Reic,‏@JcrkanReich,Ça Alors ! des sacrés loulous en politique ! http://fb.me/1W33QYat2,0
55,Planet.fr Election,‏@election___2012,Lire sur @Planet_fr François Hollande père du fils d’Anne Hidalgo ? La maire de Paris dément (encore) http://ow.ly/2X9m2x,0
56,Mina Rigalon,‏@MRigalon,François Hollande père du fils d’Anne Hidalgo ? La maire de Paris dément (encore) | Planet http://www.planet.fr/politique-francois-hollande-pere-du-fils-danne-hidalgo-la-maire-de-paris-dement-encore.834650.29334.html … via @planet_fr,1
57,Planet.fr,‏@planet_fr,François Hollande père du fils d’Anne Hidalgo ? La maire de Paris dément (encore) http://bit.ly/1O8FR2O,0
58,langlois martine,@martinette76620,Anne Hidalgo : François Hollande est-il le père de son fils ? Elle répond à la rumeur [Vidéo] http://www.telestar.fr/2015/videos/Anne-Hidalgo-Francois-Hollande-est-il-le-pere-de-son-fils-Elle-repond-a-la-rumeur-Video-96043 … via @Telestarmag,0
59,TéléStar,@Telestarmag,. @Anne_Hidalgo : François Hollande est-il le père de son fils ? Elle répond à la rumeur (@FogielMarcO) [Vidéo] >> http://bit.ly/1Gow2g2,1
60,Politique,@Elysee_2012,Anne Hidalgo : François Hollande est-il le père de son fils ? Elle répond à la... http://bit.ly/1CUpYbt  #Elysée http://fac.free.fr,0
61,TéléMag,@TeleMagazi,Anne Hidalgo : François Hollande est-il le père de son fils ? Elle répond à la rumeur [Vidéo] http://goo.gl/fb/S9kRc3,0
62,RassembleDemocrates,@RassembDemocrat,@blaemag @nausicalibre @SylvieD83 C'est le fils de #Hollande avec #Hidalgo,0
63,femme et lyonnaise,‏@stephanielyon69,Coût de l' enfant de François Hollande et Anne Hidalgo pour les contribuables ? http://www.observatoiredesgaspillages.com/2014/combien-coute-l-enfant-de-francois-hollande-et-anne-hidalgo-aux-contribuables/ … Hollande tel père tel fils Mitterrand,1
64,intropa,‏@IntropaJacques,"#Hollande, #Hidalgo, enfant caché et censure de #Twitter | http://24heuresactu.com  http://bit.ly/1xDw4rT  …",0
65,SHAHNOUR#VFrVN,‏@chatnours,"A LIRE VITE AVANT CENSURE ? ""Hollande, Hidalgo, enfant caché et censure de Twitter |"" http://24heuresactu.com  http://24heuresactu.com/2012/08/21/hollande-hidalgo-fils-cache-et-censure-de-twitter/ …",0
66,intropa,@IntropaJacques,"#Hollande, #Hidalgo, enfant caché et censure de #Twitter | http://24heuresactu.com  http://bit.ly/1xDw4rT  …",2
67,Maxhno,@Maxhn0,@Anne_Hidalgo Faut quand même être demeuré pour vouloir censurer une rumeur. #streysand #librexpression http://24heuresactu.com/2012/08/21/hollande-hidalgo-fils-cache-et-censure-de-twitter/ …,0
68,intropa,@IntropaJacques,"#Hollande, #Hidalgo, enfant caché et censure de #Twitter | http://24heuresactu.com  http://24heuresactu.com/2012/08/21/hollande-hidalgo-fils-cache-et-censure-de-twitter/ …",0
69,Llopis Jean Luc,‏@jeanlucllopis,"Hollande, Hidalgo, enfant caché et censure de Twitter | http://24heuresactu.com  http://24heuresactu.com/2012/08/21/hollande-hidalgo-fils-cache-et-censure-de-twitter/ …",0
70,Zoe Zemour,@ZoeZemour,"Hollande, Hidalgo, enfant caché et censure de Twitter | http://24heuresactu.com  http://24heuresactu.com/2012/08/21/hollande-hidalgo-fils-cache-et-censure-de-twitter/ …",2
71,Я Blue Monkey #ONLЯ,‏@besomonkey,"Hollande, Hidalgo, enfant caché et censure de Twitter | http://24heuresactu.com  http://24heuresactu.com/2012/08/21/hollande-hidalgo-fils-cache-et-censure-de-twitter/ …",0
72,Adrenaline ♈,‏@adrenaline1001,"#Hollande #Hidalgo> l'ENFANT CACHÉ‼️ CENSURE SOCIALISTE de Twitter, mis en demeure de faire cesser les rumeurs http://24heuresactu.com/2012/08/21/hollande-hidalgo-fils-cache-et-censure-de-twitter/ …",16
73,toni nadine,‏@toni_nadine,"Hollande, Hidalgo, enfant caché et censure de Twitter | http://24heuresactu.com  http://24heuresactu.com/2012/08/21/hollande-hidalgo-fils-cache-et-censure-de-twitter/ …",0
74,Gerigne jean-claude,‏@gerigne,"Hollande, Hidalgo, enfant caché et censure de Twitter | http://24heuresactu.com  http://24heuresactu.com/2012/08/21/hollande-hidalgo-fils-cache-et-censure-de-twitter/ …",0
75,ragnagna airduster,‏@ragnagnaairdus1,@eurovinnland @JionelLospin http://www.atlantico.fr/decryptage/francois-hollande-rumeurs-internet-fils-cache-anne-hidalgo-compagne-non-divorcee-philippe-aldrin-jean-vigreux-443772.html …,0
76,manuel 3,@manuel_o,@Anne_Hidalgo d'ou est-ce qu'elle décide hidalgo?C'est au PR et au gvt de decider pas à la nulle. Qu'elle s'occupe de son fils avec hollande,0
77,Marc,‏@Marczuul,"Au fait, j'ai entendu ce soir que le fils d'Anne Hidalgo était de François Hollande, niveau bullshit c'est élevé ou crédible ?",2
78,faujiarive,‏@claudettepitrus,@20rueducirque2 @marclahen @lacuriosite85 @LEXPRESS Ce n'est pas un scoop le fils Hollande avec Hidalgo histoire ancienne et connue!!!,2
79,Happy,‏@ArlKurios,#Hollande et #hidalgo l'amant et sa maitresse leur fils est au 1er rang !,0
80,Manin ARCOS,@CyberManin,La Liberté d'Expression de nos jours? C'est comme si un Socialo avait du Courage ...! http://tinyurl.com/93nu6x2  .. #fh2012 #NS2017,2
81,Adrian Zublin,‏@AdrianZublin,#Horreur ! Je suis le fils caché de François #Hollande le fils d'Anne #Hidalgo est donc mon frère... Ma vie est définitivement foutue !,0
82,CalviOne,‏@CalviOne,#Hollande #Mitterrand mêmes combats http://lelab.europe1.fr/Un-jeune-politicien-suedois-affirme-etre-le-fils-de-Francois-Mitterrand-15751 … @Julie_Gayet @RoyalSegolene @Anne_Hidalgo @valtrier #OUT,2
83,Gilbert Enaud,‏@gilbertenaud,"Hollande, Hidalgo, enfant caché et censure de Twitter | http://24heuresactu.com  http://24heuresactu.com/2012/08/21/hollande-hidalgo-fils-cache-et-censure-de-twitter/ …",0
84,toni nadine,‏@toni_nadine,"Hollande, Hidalgo, enfant caché et censure de Twitter | http://24heuresactu.com  http://24heuresactu.com/2012/08/21/hollande-hidalgo-fils-cache-et-censure-de-twitter/ …",2
85,Guillaume • Bousquet,@guireferee,"Anne Hidalgo, elle a eu un goss. Elle a accouché à Brive, Hollande était le père.. Un fils caché... et ça peu de gens le savent",1
86,Guy Letyn,‏@GuyLetyn,"Entre @hidalgo et @fhollande, un enfant caché ou simplement une rumeur ?? http://www.atlantico.fr/decryptage/francois-hollande-rumeurs-internet-fils-cache-anne-hidalgo-compagne-non-divorcee-philippe-aldrin-jean-vigreux-443772.html …",2
87,FEVE raoul,‏@FEVE62,RT A HIDALGO a déclaré qu'elle serait Libre vis-à-vis du Gvt HOLLANDE ! elle s'est déjà libérée d HOLLANDE Père d son Fils une 1ère fois lol,0
88,Jean Fantetasoeur,‏@MisterKrissou,"François Hollande a eu un fils avec Ane Hidalgo, actuelle maire de Paris",0
89,offshore@OI,@offshoreOI,@lepenactu saviez-vous que #hollande avait un fils avec #hidalgo?,0
90,nation59,‏@nation59,coût pour les contribuables du fils que François Hollande a eu avec Anne Hidalgo.. http://ln.is/www.youtube.com/zVQYK …,0
91,CASTEX JOCELYNE,@castex_emile,"Personne parle ce que coûte aux français le fils de hollande et hidalgo le nouveau mazarin , ça rappelle un certain mitterrand et mazarrine",0
92,ben,‏@ben2en1,#VallsPremierMinistre le fils caché d'Anne hidalgo et de François Hollande,0
93,Happy,@ArlKurios,RT #Hollande A UN FILS CACHE AVEC #Hidalgo ET VOUS ET MOI PAYONS TOUS LES JOURS #Quetard #Dehors  http://youtu.be/jGoPP55INTY  via @YouTube,1
94,Happy,@ArlKurios,#Kemlin: #Hidalgo et #Hollande LE FILS CACHE LA VERITE /  candidate mère..: http://youtu.be/jGoPP55INTY  #DehorsLesSocialistes,0
95,Paparazziroses,‏@Excalibur57X,#valtrier #HidalgOUT #PSG #Rumeur CocuEs & co #sexe #LGBT #FEMEN http://www.atlantico.fr/decryptage/francois-hollande-rumeurs-internet-fils-cache-anne-hidalgo-compagne-non-divorcee-philippe-aldrin-jean-vigreux-443772.html … …,0
96,Christopher Morgan,‏@kristomorgan,"ouf, ... Je préfère Hijo de algo plutôt que Hijo de Hidalgo puisque vous auriez été le fils de #Hollande !",0
97,LES REPUBLICAINS,‏@augusteblanc,"Fils caché, compagne non divorcée : François Hollande victime des rumeurs | Atlantico http://po.st/OIHmXs  via @po_st",4
98,boulangerannick,@boulangerannick,"Hollande, Hidalgo, enfant caché et censure de Twitter | http://24heuresactu.com  http://24heuresactu.com/2012/08/21/hollande-hidalgo-fils-cache-et-censure-de-twitter/ …",0
99,FEVE raoul,‏@FEVE62,"@Wks_69 oui puisqu'elle aura 1 pension et un logement avec Hollande pour ses 3 fils , pas de HOLLANDE ? enfants  déjà avec ROYAL et HIDALGO !",0
100,LES REPUBLICAINS,‏@augusteblanc,"Fils caché, compagne non divorcée : François Hollande victime des rumeurs | Atlantico http://po.st/Vr58MF  via @po_st",0
101,moumoute82,‏@LebaronSzwarc,Et son gosse a hidalgo le fils a hollande il est ou?a la crèche,0
102,Manin ARCOS,‏@CyberManin,Avec Sarkozy la Liberté d'Expression Régnait et la gôche diffamait sans arrêt la Présidence :  http://tinyurl.com/93nu6x2  #Hidalgo #NS2017,0
103,LES REPUBLICAINS,‏@augusteblanc,"Fils caché, compagne non divorcée : François Hollande victime des rumeurs | Atlantico http://po.st/2czcHd  via @po_st",3
104,Vivement mai 2017,@bhe7,"Hollande, Hidalgo, enfant caché et censure de Twitter | http://24heuresactu.com  http://24heuresactu.com/2012/08/21/hollande-hidalgo-fils-cache-et-censure-de-twitter/ … La gauche est un grand baisodrome!!!",1
105,Duraton,@lamio53,le message des socialistes en place est clair : quiconque se permet de les critiquer aura à faire à la justice http://24heuresactu.com/2012/08/21/hollande-hidalgo-fils-cache-et-censure-de-twitter/ …,8
106,Socra François,@paquito_31,@CyberManin Sous Sarkozy la Parole était Libre et la gôche était avide d'insultes à l'égard de la Présidence: http://tinyurl.com/93nu6x2,6
107,Manin ARCOS,@CyberManin,France : Freedom of Expression nowadays? It is as if one Socialist has a bit of courage !  http://tinyurl.com/93nu6x2  ..  #Prism #Snowden,0
108,Manin ARCOS,@CyberManin,"Sous Sarkozy la Parole était Libre, et la gôche était avide d'insultes à l'égard de la Présidence :   http://tinyurl.com/93nu6x2  .. #NS2017",4
109,prunerop2,‏@prunerop2,"Article de 2012 :Fils caché, compagne non divorcée : François Hollande victime des rumeurs | Atlantico http://po.st/7TcvQW  via @po_st",0
110,Sophie Evenou,@EvenouSophie,Pourquoi les journalistes ne parlent pas du fils de hollande avec Anne hidalgo?,0
111,LES REPUBLICAINS,@augusteblanc,"Fils caché, compagne non divorcée : François Hollande victime des rumeurs | Atlantico http://po.st/ubdtpo  via @po_st",1
112,Dalilo,‏@Dalilo75,@Clumsy9 ??? Ils ont pourtant un point commun : un enfant http://24heuresactu.com/2012/08/21/hollande-hidalgo-fils-cache-et-censure-de-twitter/ …,0
113,Julien Damelet,@JulienDamelet,"@BesacTof @benj_st pas à avoir peur, juste à être correct Je ne parle pas du fils caché de Hollande avec Hidalgo, je respecte abs de preuve",0
114,Manin ARCOS,‏@CyberManin,France : Freedom of Expression nowadays? It is as if one Socialist has courage !  http://tinyurl.com/93nu6x2,0
115,Manin ARCOS,‏@CyberManin,Avec Sarkozy la Liberté d'Expression Régnait et la gôche diffamait sans arrêt la Présidence : http://tinyurl.com/93nu6x2  #ConfPR #FNPS,0
116,L'instant thé,@Bleutweet,Z'êtes au courant ? Paraîtrait que Hollande aurait un fils caché avec Anne Hidalgo. #radiocancan # rumeur qui court #J'adore !,0
117,jo VINCENT,‏@JOAKIM555,"Pour le père une actrice, pour le fils une chanteuse, et l'ex un humouriste! ajoutes Enrico  pour Hidalgo.!Bling bling les royal-hollande-PS",0
118,CalviOne,‏@CalviOne,Maintenant que #Hollande confirme la rumeur de liaison avec Gayet Confirmera-t-il l'autre rumeur concernant sa paternité du fils de Hidalgo?,1
119,in girum et coetera,‏@lamericaprod,"Fils caché avec Hidalgo, compagne non divorcée, ovnis : François Hollande victime des rumeurs | Atlantico http://po.st/uoB8Op  via @po_st",0
120,Sandra FELLOUS,‏@SandraFELLOUS,Hidalgo a demandé à Twitter d'effacer toutes les rumeurs à son égard ) Atlantico http://po.st/3RsjVF  via @po_st”,3
121,LES REPUBLICAINS,‏@augusteblanc,"Fils caché, compagne non divorcée : François Hollande victime des rumeurs | Atlantico http://po.st/AEgwK5  via @po_st",1
122,vauban,@vaubandaniel,"@GBehague @MdameMichu @Anne_Hidalgo c'est pas un adjoint c'est son fils caché avec François Hollande : Air hautain, crache sur la droite.",0
123,LES REPUBLICAINS,‏@augusteblanc,"Fils caché, compagne non divorcée : François Hollande victime des rumeurs | Atlantico http://po.st/3RsjVF  via @po_st",0
124,Stalker,@Wks_69,On dirait le fils caché d'anne Hidalgo et de François Hollande.....nouvelle image du tireur ! http://bit.ly/1by2kkv,10
125,antoine nantes,@antoine_nantes,Le boloss mis en exergue par les laquais de #Itélé ressemble à s'y méprendre à  #hollande jeune: un fils caché ? #hidalgo #copains et coquins,0
126,Charles Denoyaf,@Denoyaf,"La #censure c'est #maintenant et pas en #Corée du #Nord mais au #PS, http://24heuresactu.com/2012/08/21/hollande-hidalgo-fils-cache-et-censure-de-twitter/ …",0
127,aiglebleue,‏@aiglebleue,"Fils caché, compagne non divorcée : François Hollande victime des rumeurs | Atlantico http://po.st/KvZKlf  via @po_st",0
128,Balvenie,@Balvenie01,Le message des socialistes est clair : quiconque se permet de les critiquer aura à faire à la justice http://24heuresactu.com/2012/08/21/hollande-hidalgo-fils-cache-et-censure-de-twitter/ …,0
129,Régale,‏@regale59,"Hollande, Hidalgo, enfant caché et censure de Twitter | http://24heuresactu.com  http://24heuresactu.com/2012/08/21/hollande-hidalgo-fils-cache-et-censure-de-twitter/ …",0
130,Philippe,‏@HAREL22,"Hollande, Hidalgo, enfant caché et censure de Twitter | http://24heuresactu.com  http://24heuresactu.com/2012/08/21/hollande-hidalgo-fils-cache-et-censure-de-twitter/ …",1
131,Rosine,‏@Rosine19,"Hollande, Hidalgo, enfant caché et censure de Twitter | http://24heuresactu.com  http://24heuresactu.com/2012/08/21/hollande-hidalgo-fils-cache-et-censure-de-twitter/ …",0
132,Emmanuel Boنan,‏@EmmanuelBouan,"Bel article ! Hollande, Hidalgo, enfant caché et censure de Twitter | http://24heuresactu.com  http://24heuresactu.com/2012/08/21/hollande-hidalgo-fils-cache-et-censure-de-twitter/ …",0
133,deschadul,@deschadu,"Hollande, Hidalgo, enfant caché et censure de Twitter | http://24heuresactu.com  http://24heuresactu.com/2012/08/21/hollande-hidalgo-fils-cache-et-censure-de-twitter/ …",0
134,MULA Marcella,@marcellamula,"Hollande, Hidalgo, enfant caché et censure de Twitter | http://24heuresactu.com  http://24heuresactu.com/2012/08/21/hollande-hidalgo-fils-cache-et-censure-de-twitter/ …",0
135,‎CHAKIRI,‏@gallet81127917,"Hollande, Hidalgo, enfant caché et censure de Twitter | http://24heuresactu.com  http://24heuresactu.com/2012/08/21/hollande-hidalgo-fils-cache-et-censure-de-twitter/ …",2
136,Resistance75,‏@resistance75,"#Hollande, #Hidalgo, enfant caché et censure de Twitter  http://24heuresactu.com/2012/08/21/hollande-hidalgo-fils-cache-et-censure-de-twitter/ …",0
137,MICHALIK,@MICHALIK8,"Hollande, Hidalgo, enfant caché et censure de Twitter | http://24heuresactu.com  http://24heuresactu.com/2012/08/21/hollande-hidalgo-fils-cache-et-censure-de-twitter/ …",0
138,clamajakri,@clamajakri,"Hollande, Hidalgo, enfant caché et censure de Twitter | http://24heuresactu.com  http://24heuresactu.com/2012/08/21/hollande-hidalgo-fils-cache-et-censure-de-twitter/ …",0
139,Jean Land,‏@JeanLand76,"Fils caché, compagne non divorcée : François Hollande victime des rumeurs ??? | Atlantico http://po.st/DnNcuC  via @po_st",0
140,Sirven Voltaire,‏@SirvenV,"IL Y A UN AN... ÇA COMMENÇAIT PLUTÔT MAL POUR FRANÇOIS HOLLANDE !!! Fils caché, compagne non divorcée... Toutes... http://fb.me/267u5oVbg",0
141,JohnDeJoigny,‏@JohndeJoigny,"Hollande, Hidalgo, enfant caché et censure de Twitter ?http://24heuresactu.com/2012/08/21/hollande-hidalgo-fils-cache-et-censure-de-twitter/ …",0
142,MONBONHEUR,‏@MONBONHEUR1,"RT ILS SONT FOU Plus aucune limite à la censure Socialiste http://24heuresactu.com/2012/08/21/hollande-hidalgo-fils-cache-et-censure-de-twitter/ … BIENTOT "" Ecoutes"" des conversations privés des FRANCAIS",0
143,val la raleuse,‏@val_blanche,"Hollande, Hidalgo, enfant caché et censure de Twitter | http://24heuresactu.com  http://24heuresactu.com/2012/08/21/hollande-hidalgo-fils-cache-et-censure-de-twitter/ …",0
144,alain salloum,@simplythe13,La censure!! http://24heuresactu.com/2012/08/21/hollande-hidalgo-fils-cache-et-censure-de-twitter/ …,0
145,Annabelle Dorego,@AnabeladoRego,"Hollande, Hidalgo, enfant caché et censure de Twitter | http://24heuresactu.com  http://24heuresactu.com/2012/08/21/hollande-hidalgo-fils-cache-et-censure-de-twitter/ …",0
146,IMUSLIM,‏@MUSLIMFORT,"Fils caché, compagne non divorcée.Toutes les réponses aux rumeurs sur  Hollande En savoir plus  http://www.atlantico.fr/decryptage/francois-hollande-rumeurs-internet-fils-cache-anne-hidalgo-compagne-non-divorcee-philippe-aldrin-jean-vigreux-443772.html …",0
147,Véronique MOREAU,‏@Noonoosch,@telmoro  http://24heuresactu.com/2012/08/21/hollande-hidalgo-fils-cache-et-censure-de-twitter/ …,0
148,Nabil,@sanjuane,"“@SylvieDuribreux: Hollande, Hidalgo, enfant caché et censure de Twitter | http://24heuresactu.com  http://24heuresactu.com/2012/08/21/hollande-hidalgo-fils-cache-et-censure-de-twitter/#hollande … démission",0
149,Sylvie Duribreux,‏@SylvieDuribreux,"Hollande, Hidalgo, enfant caché et censure de Twitter | http://24heuresactu.com  http://24heuresactu.com/2012/08/21/hollande-hidalgo-fils-cache-et-censure-de-twitter/ …",0
150,rebecca,‏@colombe26,"Hollande, Hidalgo, enfant caché et censure de Twitter | http://24heuresactu.com  http://24heuresactu.com/2012/08/21/hollande-hidalgo-fils-cache-et-censure-de-twitter/ …",0
151,calot-laget,@CalotLaget,"Hollande, Hidalgo, enfant caché et censure de Twitter | http://24heuresactu.com  http://24heuresactu.com/2012/08/21/hollande-hidalgo-fils-cache-et-censure-de-twitter/ …",1
152,@ericstloup,@ericstloup,"Hollande, Hidalgo, enfant caché et censure de Twitter | http://24heuresactu.com  http://24heuresactu.com/2012/08/21/hollande-hidalgo-fils-cache-et-censure-de-twitter/ …",0
153,J.E.R.P.,‏@Hychtwn,"Hollande, Hidalgo, enfant caché et censure de Twitter http://24heuresactu.com/2012/08/21/hollande-hidalgo-fils-cache-et-censure-de-twitter/ …",0
154,Happy,@ArlKurios,"#Hollande &  #Hidalgo amants, enfant caché et censure !!! elle est belle la #Gauche -  http://24heuresactu.com  http://24heuresactu.com/2012/08/21/hollande-hidalgo-fils-cache-et-censure-de-twitter/ …",17
155,Christian Dubois,@cristianu7,"Hollande, Hidalgo, enfant caché et... CENSURE SUR TWITTER.. LE RESTE ON S'EN CONTREFICHE ! |http://24heuresactu.com/2012/08/21/hollande-hidalgo-fils-cache-et-censure-de-twitter/ …",3
156,henri,‏@americain76,"Hollande, Hidalgo, enfant caché et censure de Twitter | http://24heuresactu.com  http://24heuresactu.com/2012/08/21/hollande-hidalgo-fils-cache-et-censure-de-twitter/ …",0
157,roger morzini,‏@RMorzini,24heuresactu.com/2012/08/21/hollande-hidalgo-fils-cache-et-censure-de-twitter/ …,0
158,DULAC albert,‏@AlbertDULAC,"Hollande, Hidalgo, enfant caché et censure de Twitter | http://24heuresactu.com  .com/2012/08/21/hollande-hidalgo-fils-cache-et-censure-",0
159,DULAC albert,‏@AlbertDULAC,"Hollande, Hidalgo, enfant caché et censure de Twitter | http://24heuresactu.com  http://24heuresactu.com/2012/08/21/hollande-hidalgo-fils-cache-et-censure-de-twitter/ …",0
160,Luna,‏@Luna_2B,"""@anclod15:Hollande, Hidalgo, enfant caché et censure de Twitter | http://24heuresactu.com  http://24heuresactu.com/2012/08/21/hollande-hidalgo-fils-cache-et-censure-de-twitter/ …"" voilà la dictature socialo",5
161,Spidercauchois,‏@Spidercauchois,Pouvoir socialiste : La liberté d'expression en danger ? http://24heuresactu.com  http://24heuresactu.com/2012/08/21/hollande-hidalgo-fils-cache-et-censure-de-twitter/ …,1
162,anclod,@anclod15,"Hollande, Hidalgo, enfant caché et censure de Twitter | http://24heuresactu.com  http://24heuresactu.com/2012/08/21/hollande-hidalgo-fils-cache-et-censure-de-twitter/ …",4
163,Adishatz,‏@Adishatz93,La liberté d’expression ? Hypocrisie du #PS ? http://24heuresactu.com/2012/08/21/hollande-hidalgo-fils-cache-et-censure-de-twitter/ …,0
164,Christian Dubois,‏@cristianu7,"Hollande, Hidalgo, enfant caché et censure de Twitter | http://CENSURE.com  http://24heuresactu.com/2012/08/21/hollande-hidalgo-fils-cache-et-censure-de-twitter/ …",2
165,patron_pme,‏@patron_pme,"Hollande, Hidalgo, enfant caché et censure de Twitter | http://24heuresactu.com  http://24heuresactu.com/2012/08/21/hollande-hidalgo-fils-cache-et-censure-de-twitter/ …",0
166,Gisèle.B,‏@Gisele_B_,"Hollande, Hidalgo, enfant caché et censure de Twitter | http://24heuresactu.com  http://24heuresactu.com/2012/08/21/hollande-hidalgo-fils-cache-et-censure-de-twitter/ …",12
167,Stal,@staluego,"#Hollande, #Hidalgo, enfant caché et censure de Twitter #HidalgAuRevoir http://24heuresactu.com/2012/08/21/hollande-hidalgo-fils-cache-et-censure-de-twitter/",0
168,Paydrets,@paidrets,"Hollande, Hidalgo, enfant caché et censure de Twitter | http://24heuresactu.com  http://24heuresactu.com/2012/08/21/hollande-hidalgo-fils-cache-et-censure-de-twitter/ …",2
169,LETALK,@RPR20,"Hollande, Hidalgo, enfant caché et censure de Twitter | http://24heuresactu.com  http://24heuresactu.com/2012/08/21/hollande-hidalgo-fils-cache-et-censure-de-twitter/ …",4
170,Julien Nicolaï,‏@JulNicolai,"Hidalgo, ancienne maîtresse de Hollande (Après que Ségolène soit partit avec un certain ... Ayrault) : http://24heuresactu.com/2012/08/21/hollande-hidalgo-fils-cache-et-censure-de-twitter/ …#StopHidalgo",0
171,PAIELLA daniel,@PAIELLAdaniel,"Hollande, Hidalgo, enfant caché et censure de Twitter | http://24heuresactu.com  http://24heuresactu.com/2012/08/21/hollande-hidalgo-fils-cache-et-censure-de-twitter/ …",0
172,Manin ARCOS,‏@CyberManin,Aujourd'hui la France est opprimée par la Dictature Hollande qui confisque la Liberté d'Expression !  http://tinyurl.com/93nu6x2    #NS2017,4
173,blogdedroite,@blogdedroite,#onpc ne dira pas qu'il n'ya pas de primaire a gauche car Hollande pere du fils d'Hidalgo et Le Guen a eut la Region #Paris2014,3
174,blogdedroite,‏@blogdedroite,Inside info: Le Guen n'est pas candidat a Paris car Hollande pere du fils d'Hidalgo lui a promit le poste de Huchon a la Region #Paris2014,6
175,Dugomo,‏@Dugomo,@Valvert http://24heuresactu.com/2012/08/21/hollande-hidalgo-fils-cache-et-censure-de-twitter/ … mais on a pas le droit de le dire,0
176,Infrarouge,‏@Infrarouge3,"Fils caché, compagne non divorcée : François Hollande victime des rumeurs | Atlantico http://po.st/IeCZSU  via @po_st",0
177,Yann,‏@Ya94nn,@LeMondeDeTom @fredbresson http://www.atlantico.fr/decryptage/francois-hollande-rumeurs-internet-fils-cache-anne-hidalgo-compagne-non-divorcee-philippe-aldrin-jean-vigreux-443772.html …,0
178,Christian Garcia,‏@chrisbalaruc,"Fils caché, compagne non divorcée... Ces rumeurs sur François Hollande qui prolifèrent sur Internet http://fb.me/1dAWyy7yX",0
179,Olivier Sourd,‏@blogtransfer,"Hollande, Hidalgo, enfant caché et censure de Twitter | http://24heuresactu.com  http://24heuresactu.com/2012/08/21/hollande-hidalgo-fils-cache-et-censure-de-twitter/ …",0
180,HonneurEtPatrie,‏@HonneurEtPatrie,@dan_romero_83 @nk_m  Fils caché compagne non divorcée Ces rumeurs sur François Hollande qui  prolifèrent sur Internet http://www.atlantico.fr/decryptage/francois-hollande-rumeurs-internet-fils-cache-anne-hidalgo-compagne-non-divorcee-philippe-aldrin-,
181,Disciple du Maître,@DiscipleDeJcElf,"Fils caché, compagne non divorcée... Ces rumeurs sur François Hollande qui prolifèrent sur Internet http://www.atlantico.fr/decryptage/francois-hollande-rumeurs-internet-fils-cache-anne-hidalgo-compagne-non-divorcee-philippe-aldrin-jean-vigreux-4437",
182,Disciple du Maître,‏@DiscipleDeJcElf,@QuiotF oui et avec amanda lear aussi ? hoax .. http://www.atlantico.fr/decryptage/francois-hollande-rumeurs-internet-fils-cache-anne-hidalgo-compagne-non-divorcee-philippe-aldrin-jean-vigreux-443772.html …,0
183,Sebastien,‏@SebGlotin,"Hollande, Hidalgo, enfant caché et censure de Twitter | http://24heuresactu.com  http://24heuresactu.com/2012/08/21/hollande-hidalgo-fils-cache-et-censure-de-twitter/ …",0
184,Galliera Jeannine,‏@Tuffeau,"Hollande, Hidalgo, enfant caché et censure de Twitter | http://24heuresactu.com  http://24heuresactu.com/2012/08/21/hollande-hidalgo-fils-cache-et-censure-de-twitter/ …",0
185,Vivien Hoch,@vivien_hoch,"Tant qu'on est au jeu des sept familles, c'est qui le fils caché de Hollande et Hidalgo ?",0
186,Alex R.,‏@alexswissr21,"Hollande, Hidalgo, enfant caché et censure de Twitter | http://24heuresactu.com  http://24heuresactu.com/2012/08/21/hollande-hidalgo-fils-cache-et-censure-de-twitter/ …",0
187,Daniel Delattre,‏@danieldelattre,"... RT @Mostengo: Hollande, Hidalgo, enfant caché et censure de Twitter http://flpbd.it/Gt4Zp",
188,Badr,@MrBadr94,@reda971 http://24heuresactu.com/2012/08/21/hollande-hidalgo-fils-cache-et-censure-de-twitter/ …,0
189,BONELLI PATRICK,‏@BONELLIPATRICKK,MELI MELO http://24heuresactu.com/2012/08/21/hollande-hidalgo-fils-cache-et-censure-de-twitter/ …,0
190,Christel Quil,@krysaldi83,"Hollande, Hidalgo, enfant caché et censure de Twitter | http://24heuresactu.com  #LaLibertédExpression #CestPasMaintenant http://24heuresactu.com/2012/08/21/hollande-hidalgo-fils-cache-et-censure-de-twitter/ …",0
191,ervévéro,‏@ervevero35,"Hollande, Hidalgo, enfant caché et censure de Twitter | http://24heuresactu.com  http://24heuresactu.com/2012/08/21/hollande-hidalgo-fils-cache-et-censure-de-twitter/ …",1
192,Richard Zolwer,‏@rZolwer,"Hollande, Hidalgo, enfant caché et censure de Twitter | http://24heuresactu.com  http://24heuresactu.com/2012/08/21/hollande-hidalgo-fils-cache-et-censure-de-twitter/ …",0
193,UnGarsdelaMarine,‏@DdmCC69,"Hollande, Hidalgo, enfant caché et censure de Twitter | http://24heuresactu.com  http://24heuresactu.com/2012/08/21/hollande-hidalgo-fils-cache-et-censure-de-twitter/ …",0
194,lacauseuse,@lacauseuse,"Hollande, Hidalgo, enfant caché et censure de Twitter | http://24heuresactu.com  http://24heuresactu.com/2012/08/21/hollande-hidalgo-fils-cache-et-censure-de-twitter/ …",0
195,Paydrets,@paidrets,"Hollande, Hidalgo, enfant caché et censure de Twitter | http://24heuresactu.com  http://24heuresactu.com/2012/08/21/hollande-hidalgo-fils-cache-et-censure-de-twitter/ …",5
196,Léa,‏@leacohenmiller,"Hollande, Hidalgo, enfant caché et censure de Twitter http://24heuresactu.com/2012/08/21/hollande-hidalgo-fils-cache-et-censure-de-twitter/ …”",0
197,Stalker,@Wks_69,"""@Mostengo: Hollande, Hidalgo, enfant caché et censure de Twitter http://24heuresactu.com/2012/08/21/hollande-hidalgo-fils-cache-et-censure-de-twitter/ …""",0
198,CHRISSCRAFT,‏@chrisscraft,"Hollande, Hidalgo, enfant caché et censure de Twitter | http://24heuresactu.com  http://24heuresactu.com/2012/08/21/hollande-hidalgo-fils-cache-et-censure-de-twitter/ …",0
199,Anne D.,@AnneDKNY,"Hollande, Hidalgo, enfant caché et censure de Twitter | http://24heuresactu.com  http://24heuresactu.com/2012/08/21/hollande-hidalgo-fils-cache-et-censure-de-twitter/ …",0
200,grandludo,@grandludo,“@Samuel_Lafont: Est-ce qu'@Anne_Hidalgo veut légiférer sur sa vie perso ? http://24heuresactu.com/2012/08/21/hollande-hidalgo-fils-cache-et-censure-de-twitter/ … #MotsCroises @MotsCroises” Minable ...,1
201,Nat de Wolf,@ntwolfmother,“@Samuel_Lafont: Est-ce qu'@Anne_Hidalgo veut légiférer sur sa vie perso ?http://24heuresactu.com/2012/08/21/hollande-hidalgo-fils-cache-et-censure-de-twitter/ … #MotsCroises @MotsCroises”RT,0
202,London Camara,‏@LondonCamara,Hidalgo-Hollande. http://24heuresactu.com/2012/08/21/hollande-hidalgo-fils-cache-et-censure-de-twitter/ …,0
203,Xavier_ABL,@Xavier_ABL,#morandinisation RT @Samuel_Lafont: Est-ce qu'@Anne_Hidalgo veut légiférer sur sa vie perso ? http://bit.ly/RkYFMK,0
204,Bruno Roger-Petit,‏@B_Roger_Petit,Minable : “@Samuel_Lafont: Est-ce qu'@Anne_Hidalgo veut légiférer sur sa vie perso ? http://24heuresactu.com/2012/08/21/hollande-hidalgo-fils-cache-et-censure-de-twitter/ … #MotsCroises @MotsCroises”,6
205,Samuel Lafont,@Samuel_Lafont,Est-ce qu'@Anne_Hidalgo veut légiférer sur sa vie perso ? http://24heuresactu.com/2012/08/21/hollande-hidalgo-fils-cache-et-censure-de-twitter/ … #MotsCroises @MotsCroises,0
206,Akiratom,‏@akiratom,Hollande Hidalgo et la censure sur tweeter http://24heuresactu.com/2012/08/21/hollande-hidalgo-fils-cache-et-censure-de-twitter/ …,0
207,Larry caumajyk,‏@couipop,http://24heuresactu.com/2012/08/21/hollande-hidalgo-fils-cache-et-censure-de-twitter/ …,0
208,Matt Ghetto,‏@delaLomb,"“@AlfredMichu: Hollande, Hidalgo, enfant caché et censure de Twitter | http://24heuresactu.com  http://24heuresactu.com/2012/08/21/hollande-hidalgo-fils-cache-et-censure-de-twitter/ …” La censure socialiste.",0
209,S.Ðepierrepont,‏@poroot,"Hollande, Hidalgo, enfant caché et censure de Twitter : http://wat.tf/1BM0PmF  ""La liberté d’expression, c’est maintenant !""",0
210,Fr€d S.,@schumi84f1,"Hollande, Hidalgo, enfant caché et censure de Twitter -http://24heuresactu.com/2012/08/21/hollande-hidalgo-fils-cache-et-censure-de-twitter/ …",0
211,DAMIEN_VALLET,‏@damiendhv,"Hollande, Hidalgo, enfant caché et censure de Twitter | http://24heuresactu.com  http://24heuresactu.com/2012/08/21/hollande-hidalgo-fils-cache-et-censure-de-twitter/ …",0
212,Hollandouille 1er,‏@hollandouille1e,"Hollande, Hidalgo, enfant caché et censure de Twitter | http://24heuresactu.com  http://24heuresactu.com/2012/08/21/hollande-hidalgo-fils-cache-et-censure-de-twitter/ …",6
213,Croquignol,@poupouye,"“@adrenaline1001: Hollande, Hidalgo, enfant caché et censure de Twitter !  Qui se sent morveux se mouche !! http://24heuresactu.com/2012/08/21/hollande-hidalgo-fils-cache-et-censure-de-twitter/ …”",0
214,johnpalissy,@johnpalissy,@adrenaline1001 C’est beau la démocratie socialiste ! [...] ces gens là ont voté les pleins pouvoirs au Maréchal Pétain…http://24heuresactu.com/2012/08/21/hollande-hidalgo-fils-cache-et-censure-de-twitter/ …,0
215,Adrenaline ♈,‏@adrenaline1001,"RETOUR DE LA CENSURE SOCIALISTE :Hollande, Hidalgo, enfant caché et censure de Twitter !http://24heuresactu.com/2012/08/21/hollande-hidalgo-fils-cache-et-censure-de-twitter/ …",2
216,Perez Illtone,@perezilltone,"Hollande, Hidalgo, enfant caché et censure de Twitter http://24heuresactu.com/2012/08/21/hollande-hidalgo-fils-cache-et-censure-de-twitter/ …",0
217,Rat_des_champs,@Rat_des_champs,"Hollande, Hidalgo, enfant caché et censure de Twitter | http://24heuresactu.com  http://24heuresactu.com/2012/08/21/hollande-hidalgo-fils-cache-et-censure-de-twitter/ …",0
218,roro,‏@bleuciel76,"Hollande, Hidalgo, enfant caché et censure de Twitter | http://24heuresactu.com  http://24heuresactu.com/2012/08/21/hollande-hidalgo-fils-cache-et-censure-de-twitter/ …",0
219,FEVE raoul,@FEVE62,"Hollande, Hidalgo, enfant caché et censure de Twitter | http://24heuresactu.com  http://24heuresactu.com/2012/08/21/hollande-hidalgo-fils-cache-et-censure-de-twitter/ …",0
220,Boudou,‏@mousquetaire2,"Hollande, Hidalgo, enfant caché et censure de Twitter | http://24heuresactu.com  http://24heuresactu.com/2012/08/21/hollande-hidalgo-fils-cache-et-censure-de-twitter/ …",1
221,emka,@EmkaMichel,"Hollande, Hidalgo, enfant caché et censure de Twitter | http://24heuresactu.com  http://24heuresactu.com/2012/08/21/hollande-hidalgo-fils-cache-et-censure-de-twitter/ …",0
222,New idea,@1TWITION,"Hollande, Hidalgo, enfant caché et censure de Twitter | http://24heuresactu.com  http://24heuresactu.com/2012/08/21/hollande-hidalgo-fils-cache-et-censure-de-twitter/ …",0
223,GUY FRANCOIS,‏@saphirquenzo,"Hollande, Hidalgo, enfant caché et censure de Twitter | http://24heuresactu.com  http://24heuresactu.com/2012/08/21/hollande-hidalgo-fils-cache-et-censure-de-twitter/ …",0
224,Socra François,@paquito_31,"Hollande, Hidalgo, enfant caché et censure de Twitter | http://24heuresactu.com  http://24heuresactu.com/2012/08/21/hollande-hidalgo-fils-cache-et-censure-de-twitter/ …",3
225,jackye guidi,‏@jackyeguidi,"Hollande, Hidalgo, enfant caché et censure de Twitter | http://24heuresactu.com  http://24heuresactu.com/2012/08/21/hollande-hidalgo-fils-cache-et-censure-de-twitter/ …",0
226,LETALK,@RPR20,"Hollande, Hidalgo, enfant caché et censure de Twitter | http://24heuresactu.com  http://24heuresactu.com/2012/08/21/hollande-hidalgo-fils-cache-et-censure-de-twitter/ …",0
227,OLIVIER23BZH,@22OLIVIER23,"Hollande, Hidalgo, enfant caché et censure de Twitter | http://24heuresactu.com  http://24heuresactu.com/2012/08/21/hollande-hidalgo-fils-cache-et-censure-de-twitter/ …",5
228,Sergio,‏@Sergio06300,"Hollande, Hidalgo, enfant caché et censure de Twitter | http://24heuresactu.com  http://24heuresactu.com/2012/08/21/hollande-hidalgo-fils-cache-et-censure-de-twitter/ …",0
229,Hollandouille 1er,‏@hollandouille1e,"#Hollande, Hidalgo, enfant caché et censure de Twitter | http://24heuresactu.com  http://24heuresactu.com/2012/08/21/hollande-hidalgo-fils-cache-et-censure-de-twitter/ …",0
230,GauchBusteЯ,@mediadroite,"Hollande, Hidalgo, enfant caché et censure de Twitter | http://24heuresactu.com  http://24heuresactu.com/2012/08/21/hollande-hidalgo-fils-cache-et-censure-de-twitter/ …",0
231,GERMAIN,‏@GERMAIN25,"Hollande, Hidalgo, enfant caché et censure de Twitter | http://24heuresactu.com  http://24heuresactu.com/2012/08/21/hollande-hidalgo-fils-cache-et-censure-de-twitter/ …",0
232,LETALK,@RPR20,"Hollande, Hidalgo, enfant caché et censure de Twitter | http://24heuresactu.com  http://24heuresactu.com/2012/08/21/hollande-hidalgo-fils-cache-et-censure-de-twitter/ …",0
233,Martin jean-Wilfried,@Jwmartin69100,"Hollande, Hidalgo, enfant caché et censure de Twitter | http://24heuresactu.com  http://24heuresactu.com/2012/08/21/hollande-hidalgo-fils-cache-et-censure-de-twitter/ …",0
234,Laufra François,@laufra2330,"Hollande, Hidalgo, enfant caché et censure de Twitter | http://24heuresactu.com  http://24heuresactu.com/2012/08/21/hollande-hidalgo-fils-cache-et-censure-de-twitter/ …",9
235,BERGER,‏@bergerbel,"Démocratie à la sauce socialo ? Hollande, Hidalgo, enfant caché et censure de Twitter | http://24heuresactu.com  http://24heuresactu.com/2012/08/21/hollande-hidalgo-fils-cache-et-censure-de-twitter/ …",0
236,LETALK,@RPR20,"Hollande, Hidalgo, enfant caché et censure de Twitter | http://24heuresactu.com  http://24heuresactu.com/2012/08/21/hollande-hidalgo-fils-cache-et-censure-de-twitter/ …",0
237,Laurent,‏@loetfra,"Hollande, Hidalgo, enfant caché et censure de Twitter | http://24heuresactu.com  http://24heuresactu.com/2012/08/21/hollande-hidalgo-fils-cache-et-censure-de-twitter/ …",1
238,Adrenaline ♈,@adrenaline1001,"Hollande Hidalgo, enfant caché et censure de Twitter C’est beau la démocratie socialiste ...et la liberté d'expression http://24heuresactu.com/2012/08/21/hollande-hidalgo-fils-cache-et-censure-de-twitter/ …",3
239,OLIVIER23BZH,@22OLIVIER23,"Hollande, Hidalgo, enfant caché et censure de Twitter | http://24heuresactu.com  http://24heuresactu.com/2012/08/21/hollande-hidalgo-fils-cache-et-censure-de-twitter/ …",0
240,Yannick THEZE,‏@YTHEZE,"Hollande, Hidalgo, enfant caché et censure de Twitter | http://24heuresactu.com  http://24heuresactu.com/2012/08/21/hollande-hidalgo-fils-cache-et-censure-de-twitter/ …",0
241,J.C Blanchard,@Blanchard2552,"Hollande, Hidalgo, enfant caché et censure de Twitter | http://24heuresactu.com  http://24heuresactu.com/2012/08/21/hollande-hidalgo-fils-cache-et-censure-de-twitter/ …",0
242,Socra François,@paquito_31,"Hollande, Hidalgo, enfant caché et censure de Twitter | http://24heuresactu.com  http://24heuresactu.com/2012/08/21/hollande-hidalgo-fils-cache-et-censure-de-twitter/ …",0
243,Manin ARCOS,@CyberManin,Aujourd'hui la France est opprimée par la Dictature Hollande qui confisque la Liberté d'Expression !  http://tinyurl.com/93nu6x2   #Koréa,0
244,Manin ARCOS,@CyberManin,"Sous Sarkozy la Parole était Libre, et la gôche était avide d'insultes à l'égard de la Présidence :   http://tinyurl.com/93nu6x2  .. #NS2017",2
245,Manin ARCOS,‏@CyberManin,France : Freedom of Expression nowadays? It is as if one Socialist has courage !  http://tinyurl.com/93nu6x2  ..  #NS2017 #fh2012 #tfb,0
246,39Jade39,@39jade39,"Hollande, Hidalgo, enfant caché et censure de Twitter | http://24heuresactu.com  http://24heuresactu.com/2012/08/21/hollande-hidalgo-fils-cache-et-censure-de-twitter/ …",0
247,Fab,@martin_fabien,"Hollande, Hidalgo, enfant caché et censure de Twitter | http://24heuresactu.com  http://24heuresactu.com/2012/08/21/hollande-hidalgo-fils-cache-et-censure-de-twitter/ …",0
248,arnaud dumont,@kamokireol,"Hollande, Hidalgo, enfant caché et censure de Twitter | http://24heuresactu.com  http://24heuresactu.com/2012/08/21/hollande-hidalgo-fils-cache-et-censure-de-twitter/ …",0
249,delphine raspadori,‏@daffy3107,"Hollande, Hidalgo, enfant caché et censure de Twitter | http://24heuresactu.com  http://24heuresactu.com/2012/08/21/hollande-hidalgo-fils-cache-et-censure-de-twitter/ …",0
250,Manin ARCOS,‏@CyberManin,La Liberté d'Expression de nos jours? C'est comme si un Socialo avait du Courage ...!   http://tinyurl.com/93nu6x2  ..  #NS2017 #fh2012 #tfb,2
251,Manin ARCOS,‏@CyberManin,France : Freedom of Expression nowadays? It is as if one Socialist has courage !  http://tinyurl.com/93nu6x2  ..  #NS2017 #fh2012  #Hollande,0
252,Manin ARCOS,‏@CyberManin,La Liberté d'Expression de nos jours? C'est comme si un Socialo avait du Courage ...!   http://tinyurl.com/93nu6x2  ..  #NS2017 #fh2012 #tfb,1
253,Manin ARCOS,‏@CyberManin,"Sous Sarkozy la Parole était Libre, et la gôche était avide d'insultes à l'égard de la Présidence :   http://tinyurl.com/93nu6x2  .. #NS2017",0
254,Manin ARCOS,‏@CyberManin,Avec Sarkozy la Liberté d'Expression Régnait et la gôche a diffamé sans arrêt la Présidence :  http://tinyurl.com/93nu6x2  #Hidalgo #NS2017,0
255,Duraton,‏@lamio53,"Censure NON ! Hollande, Hidalgo, enfant caché et censure de Twitter | http://24heuresactu.com  http://24heuresactu.com/2012/08/21/hollande-hidalgo-fils-cache-et-censure-de-twitter/ …",0
256,GuillaumeS06,@GuillaumeS06,"Aller, chiche, censurez-moi! Hollande, Hidalgo, enfant caché et censure de Twitter | http://24heuresactu.com  http://24heuresactu.com/2012/08/21/hollande-hidalgo-fils-cache-et-censure-de-twitter/ …",1
257,JLT67,‏@Jlt67J,"Hollande, Hidalgo, enfant caché et censure de Twitter | http://24heuresactu.com  http://24heuresactu.com/2012/08/21/hollande-hidalgo-fils-cache-et-censure-de-twitter/ …",0
258,P-F Freret,‏@cdmanagement,"Pour la peine... Hollande, Hidalgo, enfant caché et censure de Twitter http://24heuresactu.com/2012/08/21/hollande-hidalgo-fils-cache-et-censure-de-twitter/ …",0
259,Philippe,@HAREL22,"Hollande, Hidalgo, enfant caché et censure de Twitter | http://24heuresactu.com  http://24heuresactu.com/2012/08/21/hollande-hidalgo-fils-cache-et-censure-de-twitter/ …",2
260,Monsieur Toulemonde,@chanamla,"""#Hollande #Hidalgo, enfant caché et censure de Twitter"" http://24heuresactu.com/2012/08/21/hollande-hidalgo-fils-cache-et-censure-de-twitter/ … Non au retour du terrorisme intellectuel ! #EtatPS #Résistance",1
261,Anne-Cécile,‏@AnnCcile,"Hollande, Hidalgo, enfant caché et censure de Twitter | http://24heuresactu.com  http://bit.ly/Sj1Jwv",1
262,Gertiane,‏@OudonCh,"Hollande, Hidalgo, enfant caché et censure de Twitter | http://24heuresactu.com  http://24heuresactu.com/2012/08/21/hollande-hidalgo-fils-cache-et-censure-de-twitter/ …",0
263,MaximusLugdunum,‏@mc_1220,"Hollande, Hidalgo, enfant caché et censure de Twitter | http://24heuresactu.com  http://24heuresactu.com/2012/08/21/hollande-hidalgo-fils-cache-et-censure-de-twitter/ …",0
264,guiRReno,‏@guiRReno,"Hollande, Hidalgo, enfant caché et censure de Twitter | http://24heuresactu.com  http://24heuresactu.com/2012/08/21/hollande-hidalgo-fils-cache-et-censure-de-twitter/ …",6
265,Colinou,@germaxco,"Hollande, Hidalgo, enfant caché et censure de Twitter | http://24heuresactu.com  http://24heuresactu.com/2012/08/21/hollande-hidalgo-fils-cache-et-censure-de-twitter/ …",1
266,Girard Jérome,‏@jerome13390,"Hollande, Hidalgo, enfant caché et censure de Twitter ça sent bon l'affaire Mazarine tous sa François Hollande... http://fb.me/ZiMjkogd",0
267,Sirven Voltaire,@SirvenV,"Après Pulvar, Aubry, Trierweiler, maintenant Hidalgo, le message des socialistes en place est clair : quiconque... http://fb.me/1LPdMyRrP",1
268,La Fusée Ariane,‏@Ariane56,"Hollande, Hidalgo, enfant caché et censure de Twitter | http://24heuresactu.com  http://24heuresactu.com/2012/08/21/hollande-hidalgo-fils-cache-et-censure-de-twitter/ … C’est si beau la démocratie socialiste !",0
269,Gilbert Enaud,@gilbertenaud,"#Normal1er  #lahontedelafrance , Hidalgo, enfant caché et censure de Twitter | http://24heuresactu.com  http://24heuresactu.com/2012/08/21/hollande-hidalgo-fils-cache-et-censure-de-twitter/ …",0
270,Cyberinfos-Tahitinui,‏@Cyberinfos987,"Hollande, Hidalgo, enfant caché et censure de Twitter | http://24heuresactu.com  http://24heuresactu.com/2012/08/21/hollande-hidalgo-fils-cache-et-censure-de-twitter/ …",0
271,sandtrooper,‏@sandtrooper7,"Hollande, Hidalgo, enfant caché et censure de Twitter | http://24heuresactu.com  http://24heuresactu.com/2012/08/21/hollande-hidalgo-fils-cache-et-censure-de-twitter/ … #hollande & la censure",0
272,Pascale_L,‏@P4scal_L,"Et #Hidalgo remplace bientôt #Aubry ? #Hollande, #Hidalgo, enfant caché et censure de Twitter | http://24heuresactu.com  http://24heuresactu.com/2012/08/21/hollande-hidalgo-fils-cache-et-censure-de-twitter/ …",0
273,emilie amendola,@AmendolaEmilie,"Pourquoi personne n'en parle??? Hollande, Hidalgo, enfant caché et censure de Twitter | http://24heuresactu.com  http://24heuresactu.com/2012/08/21/hollande-hidalgo-fils-cache-et-censure-de-twitter/ …",5
274,LETALK,‏@RPR20,"Hollande, Hidalgo, enfant caché et censure de Twitter | http://24heuresactu.com  http://24heuresactu.com/2012/08/21/hollande-hidalgo-fils-cache-et-censure-de-twitter/ …",0
275,La_gauche_m'a_tuer,@La_gauche_ma_tu,"Hollande, Hidalgo, enfant caché et censure de Twitter | http://24heuresactu.com  http://24heuresactu.com/2012/08/21/hollande-hidalgo-fils-cache-et-censure-de-twitter/ …",1
276,Frouteman,‏@Frouteman,@Anne_Hidalgo pourquoi censurer#Twitter?peur de la liberté d'expression?#Hollande #Hidalgo enfant caché et censure http://tinyurl.com/93nu6x2,6
277,Antoine,‏@hanpin18,Quelle est le problème des socialistes et de la gauche française avec la liberté d’expression ?: http://24heuresactu.com/2012/08/21/hollande-hidalgo-fils-cache-et-censure-de-twitter/ …,1
278,Paydrets,‏@paidrets,"Hollande, Hidalgo, enfant caché et censure de Twitter | http://24heuresactu.com  http://24heuresactu.com/2012/08/21/hollande-hidalgo-fils-cache-et-censure-de-twitter/ …  retour de la censure socialiste",2
279,Paydrets,@paidrets,"Hollande, Hidalgo, enfant caché et censure de Twitter | http://24heuresactu.com  http://24heuresactu.com/2012/08/21/hollande-hidalgo-fils-cache-et-censure-de-twitter/ …",0
280,Jacques D.,‏@frenchvrp,"Hollande, Hidalgo, enfant caché et censure de Twitter http://tinyurl.com/9d54tlo",0
281,Tiburce Angeli,@LHomoPolitis,"Hollande, Hidalgo, enfant caché et censure de Twitter http://bit.ly/PRisYh",0
282,24heuresactu.com,@24heuresactu,"Hollande, Hidalgo, enfant caché et censure de Twitter http://tinyurl.com/93nu6x2",2
283,Pierre Rouarch,‏@prouarch,"Hollande, Hidalgo, enfant caché et censure de Twitter - http://24heuresactu.com : Hollande, Hidalgo, enfant caché et ... http://bit.ly/SMzl3g",0
284,blancard josette,@blancard1,"Fils caché, compagne non divorcée... Ces rumeurs sur François Hollande qui prolifèrent sur Internet | Atlantico http://www.atlantico.fr/decryptage/francois-hollande-rumeurs-internet-fils-cache-anne-hidalgo-compagne-non-divorcee-philippe-aldrin-jean-vigreux-",
285,Ronan Loas,@RonanLoas,"Fils caché, compagne non divorcée... Ces rumeurs sur François Hollande qui prolifèrent sur Internet http://www.atlantico.fr/decryptage/francois-hollande-rumeurs-internet-fils-cache-anne-hidalgo-compagne-non-divorcee-philippe-aldrin-jean-vigreux-443772.html …",0
286,Asso. Angola Loire,‏@aalloire,"Fils caché, compagne non divorcée... Ces rumeurs sur François Hollande qui prolifèrent sur Internet | Atlantico http://www.atlantico.fr/decryptage/francois-hollande-rumeurs-internet-fils-cache-anne-hidalgo-compagne-non-divorcee-philippe-aldrin-jean-vigreu",
287,Yann I.,‏@Naakos,Un article *vraiment* intéressant sur les rumeurs paru dans @atlantico_fr (http://www.atlantico.fr/decryptage/francois-hollande-rumeurs-internet-fils-cache-anne-hidalgo-compagne-non-divorcee-philippe-aldrin-jean-vigreux-443772.html …). À lire d'urgence ! #Rumeur #FH #,
288,Yann I.,‏@Naakos,@Dreuz_1fo @DebbieGoudy1 Un article *vraiment* intéressant sur les rumeurs paru dans @atlantico_fr (http://www.atlantico.fr/decryptage/francois-hollande-rumeurs-internet-fils-cache-anne-hidalgo-compagne-non-divorcee-philippe-aldrin-jean-vigreux-443772.html …). À lire ,
289,ALONZEAU,‏@ALONZEAU972,"Fils caché, compagne non divorcée... Ces rumeurs sur François Hollande qui prolifèrent sur Internet | Atlantico http://www.atlantico.fr/decryptage/francois-hollande-rumeurs-internet-fils-cache-anne-hidalgo-compagne-non-divorcee-philippe-aldrin-jean-vigreux-44377",
290,Julien VENTRELLA,‏@JulienVENTRELLA,"Fils caché, compagne non divorcée... Ces rumeurs sur François Hollande qui prolifèrent sur Internet | Atlantico http://www.atlantico.fr/decryptage/francois-hollande-rumeurs-internet-fils-cache-anne-hidalgo-compagne-non-divorcee-philippe-aldrin-jean-v",
291,Adrenaline ♈,@adrenaline1001,"Fils caché, compagne non divorcée... Ces rumeurs sur François Hollande qui prolifèrent sur Internet http://www.atlantico.fr/decryptage/francois-hollande-rumeurs-internet-fils-cache-anne-hidalgo-compagne-non-divorcee-philippe-aldrin-jean-vigreux-443772.html",
292,Lauriston Yrvin,@Yrvin02,"Fils caché, compagne non divorcée... Ces rumeurs sur François Hollande qui prolifèrent sur Internet | Atlantico http://www.atlantico.fr/decryptage/francois-hollande-rumeurs-internet-fils-cache-anne-hidalgo-compagne-non-divorcee-philippe-aldrin-jean-vigreux-443",
293,Ludovic ROLAND,‏@rludo2,"Fils caché, compagne non divorcée... Ces rumeurs sur François Hollande qui prolifèrent sur Internet http://bit.ly/MNplVU",0
294,OLIVIER23BZH,@22OLIVIER23,"Fils caché, compagne non divorcée... Ces rumeurs sur François Hollande qui prolifèrent sur Internet | Atlantico http://www.atlantico.fr/decryptage/francois-hollande-rumeurs-internet-fils-cache-anne-hidalgo-compagne-non-divorcee-philippe-aldrin-jean-vigreux-44",
295,GILLES POILVERT,‏@GPoil,"Fils caché, compagne non divorcée... Ces rumeurs sur François Hollande qui prolifèrent sur Internet | Atlantico http://www.atlantico.fr/decryptage/francois-hollande-rumeurs-internet-fils-cache-anne-hidalgo-compagne-non-divorcee-philippe-aldrin-jean-vigreux-4437",
296,Milcent Henri Karl,‏@MilcentHenriKar,"Fils caché, compagne non divorcée... Ces rumeurs sur François Hollande qui prolifèrent sur Internet -http://www.atlantico.fr/decryptage/francois-hollande-rumeurs-internet-fils-cache-anne-hidalgo-compagne-non-divorcee-philippe-aldrin-jean-vigreux-44",
297,Geneviève Rostaing,@3Genevieve,"Fils caché, compagne non divorcée... Ces rumeurs sur François Hollande qui prolifèrent sur Internet | Atlantico http://www.atlantico.fr/decryptage/francois-hollande-rumeurs-internet-fils-cache-anne-hidalgo-compagne-non-divorcee-philippe-aldrin-jean-vigre",
298,jean-bernard,@vitrolles13127,"Fils caché, compagne non divorcée... Ces rumeurs sur François Hollande qui prolifèrent sur Internet | Atlantico http://www.atlantico.fr/decryptage/francois-hollande-rumeurs-internet-fils-cache-anne-hidalgo-compagne-non-divorcee-philippe-aldrin-jean-vigreux",
299,POITEVINEAU Serge,@sergepoite,"Fils caché, compagne non divorcée... Ces rumeurs sur François Hollande qui prolifèrent sur Internet | Atlantico http://www.atlantico.fr/decryptage/francois-hollande-rumeurs-internet-fils-cache-anne-hidalgo-compagne-non-divorcee-philippe-aldrin-jean-vigreu",
300,Cheikha Sophia,@SophiaIfigha,"Fils caché, compagne non divorcée... Ces rumeurs sur François Hollande qui prolifèrent sur Internet | Atlantico http://www.atlantico.fr/decryptage/francois-hollande-rumeurs-internet-fils-cache-anne-hidalgo-compagne-non-divorcee-philippe-aldrin-jean-vigreux",
301,OLIVIER23BZH,@22OLIVIER23,"Fils caché, compagne non divorcée... Ces rumeurs sur François Hollande qui prolifèrent sur Internet | Atlantico http://www.atlantico.fr/decryptage/francois-hollande-rumeurs-internet-fils-cache-anne-hidalgo-compagne-non-divorcee-philippe-aldrin-jean-vigreux-44",
302,Marc Herstalle,@herstalle,"Fils caché, compagne non divorcée... Ces rumeurs sur François Hollande qui prolifèrent sur Internet... http://www.atlantico.fr/decryptage/francois-hollande-rumeurs-internet-fils-cache-anne-hidalgo-compagne-non-divorcee-philippe-aldrin-jean-vigreux-443772.html",
303,Pfff,‏@sanprazett,"Fils caché, compagne non divorcée... Ces rumeurs sur François Hollande qui prolifèrent sur Internet | Atlantico http://www.atlantico.fr/decryptage/francois-hollande-rumeurs-internet-fils-cache-anne-hidalgo-compagne-non-divorcee-philippe-aldrin-jean-vigreux-443772.htm",
304,INGRID,‏@DETT67,"Fils caché, compagne non divorcée... Ces rumeurs sur François Hollande qui prolifèrent sur Internet | Atlantico http://www.atlantico.fr/decryptage/francois-hollande-rumeurs-internet-fils-cache-anne-hidalgo-compagne-non-divorcee-philippe-aldrin-jean-vigreux-443772.html ",
305,Patrick Laredo X-PM,‏@lanhedu,Tout est faux... Ces rumeurs sur François Hollande qui prolifèrent sur Internet | Atlantico http://www.atlantico.fr/decryptage/francois-hollande-rumeurs-internet-fils-cache-anne-hidalgo-compagne-non-divorcee-philippe-aldrin-jean-vigreux-443772.html …,0
306,NOUR BENKOUMAR,@BENKOUMARN,"Fils caché, compagne non divorcée... Ces rumeurs sur François Hollande qui prolifèrent sur Internet | Atlantico http://www.atlantico.fr/decryptage/francois-hollande-rumeurs-internet-fils-cache-anne-hidalgo-compagne-non-divorcee-philippe-aldrin-jean-vigreux-4",
307,Jean Le Sot,‏@JeanLeSot,"Fils caché, compagne non divorcée... Ces rumeurs sur François Hollande qui prolifèrent sur Internet | Atlantico http://www.atlantico.fr/decryptage/francois-hollande-rumeurs-internet-fils-cache-anne-hidalgo-compagne-non-divorcee-philippe-aldrin-jean-vigreux-4437",
308,BONELLI PATRICK,@BONELLIPATRICKK,AMOURS  CACHÉS http://www.atlantico.fr/decryptage/francois-hollande-rumeurs-internet-fils-cache-anne-hidalgo-compagne-non-divorcee-philippe-aldrin-jean-vigreux-443772.html …,0
309,BONELLI PATRICK,@BONELLIPATRICKK,MÉLI  MÉLO  SOCIALOS BOBOS http://www.atlantico.fr/decryptage/francois-hollande-rumeurs-internet-fils-cache-anne-hidalgo-compagne-non-divorcee-philippe-aldrin-jean-vigreux-443772.html …,0
310,Jhon Winner,‏@yapakemoi,"Fils caché, compagne non divorcée... Ces rumeurs sur François Hollande qui prolifèrent sur Internet | Atlantico http://www.atlantico.fr/decryptage/francois-hollande-rumeurs-internet-fils-cache-anne-hidalgo-compagne-non-divorcee-philippe-aldrin-jean-vigreux-4437",
311,GDB,@EckertRobert,"Fils caché, compagne non divorcée..Ces rumeurs sur François Hollande qui prolifèrent sur Internet - http://tinyurl.com/9j4jmzm  -Et si c'était vrai!",1
312,roger morzini,@RMorzini,"Fils caché, compagne non divorcée... Ces rumeurs sur François Hollande .. | Atlantico http://www.atlantico.fr/decryptage/francois-hollande-rumeurs-internet-fils-cache-anne-hidalgo-compagne-non-divorcee-philippe-aldrin-jean-vigreux-443772.html … C un homme norma",
313,roger morzini,‏@RMorzini,"Fils caché, compagne non divorcée... Ces rumeurs sur François Hollande qui prolifèrent sur Internet | Atlantico http://www.atlantico.fr/decryptage/francois-hollande-rumeurs-internet-fils-cache-anne-hidalgo-compagne-non-divorcee-philippe-aldrin-jean-vigreux-443",
314,Lasfargues,@jplasfargues,"Fils caché, compagne non divorcée... Ces rumeurs sur François Hollande qui prolifèrent sur Internet | Atlantico http://www.atlantico.fr/decryptage/francois-hollande-rumeurs-internet-fils-cache-anne-hidalgo-compagne-non-divorcee-philippe-aldrin-jean-vigreux-443",
315,Ofer_Ohayon,@Ofer_Ohayon,"Fils caché, compagne non divorcée... Ces rumeurs sur François Hollande qui prolifèrent sur Internet http://www.atlantico.fr/decryptage/francois-hollande-rumeurs-internet-fils-cache-anne-hidalgo-compagne-non-divorcee-philippe-aldrin-jean-vigreux-443772.html …",0
316,Jean-Charles Lefèvre,‏@JeanJcl60,#Hollande francois-hollande-rumeurs-internet-fils-cache-anne-hidalgo-compagne-non-divorcee.... #LeRidiculeCestMaintenant,0
317,Laufra François,‏@laufra2330,"Fils caché, compagne non divorcée... Ces rumeurs sur François Hollande qui prolifèrent sur Internet | Atlantico http://www.atlantico.fr/decryptage/francois-hollande-rumeurs-internet-fils-cache-anne-hidalgo-compagne-non-divorcee-philippe-aldrin-jean-vigreux",
318,Anti-Escrosi,‏@AKNIN2,"Fils caché, compagne non divorcée... Ces rumeurs sur François Hollande qui prolifèrent sur Internet | Atlantico http://www.atlantico.fr/decryptage/francois-hollande-rumeurs-internet-fils-cache-anne-hidalgo-compagne-non-divorcee-philippe-aldrin-jean-vigreux-443772",
319,hipogriffe,‏@Hipogriffe,"Fils caché, compagne non divorcée... Ces rumeurs sur François Hollande qui prolifèrent sur Internet http://goo.gl/68cIM",0
320,LeeLeebellule,‏@leeleebellule,"Fils caché, compagne non divorcée... Ces rumeurs sur François Hollande qui prolifèrent sur Internet | Atlantico http://www.atlantico.fr/decryptage/francois-hollande-rumeurs-internet-fils-cache-anne-hidalgo-compagne-non-divorcee-philippe-aldrin-jean-vigreu",
321,CASTEX JOCELYNE,@castex_emile,"Fils caché, compagne non divorcée... Ces rumeurs sur François Hollande qui prolifèrent sur Internet | Atlantico http://www.atlantico.fr/decryptage/francois-hollande-rumeurs-internet-fils-cache-anne-hidalgo-compagne-non-divorcee-philippe-aldrin-jean-vigreu",
322,Jennifer Sanchis,@Jenny_Sanchis,"Fils caché, compagne non divorcée... Ces rumeurs sur François Hollande qui prolifèrent sur Internet | Atlantico http://www.atlantico.fr/decryptage/francois-hollande-rumeurs-internet-fils-cache-anne-hidalgo-compagne-non-divorcee-philippe-aldrin-jean-vigr",
323,Amaury Brelet,‏@AmauryBrelet,"Fils caché, compagne non divorcée... Ces rumeurs sur François Hollande qui prolifèrent sur Internet | Atlantico http://www.atlantico.fr/decryptage/francois-hollande-rumeurs-internet-fils-cache-anne-hidalgo-compagne-non-divorcee-philippe-aldrin-jean-vigreux",
324,AGDB,‏@AlGeDaBo,"Fils caché, compagne non divorcée... Ces rumeurs sur François Hollande qui prolifèrent sur Internet http://goo.gl/68cIM",0
325,Laure Pierre,‏@LAUREPIERRE,"“Fils caché, compagne non divorcée...Ces rumeurs sur F.Hollande qui prolifèrent sur Internet | Atlantico http://www.atlantico.fr/decryptage/francois-hollande-rumeurs-internet-fils-cache-anne-hidalgo-compagne-non-divorcee-philippe-aldrin-jean-vigreux-443772.h",
326,Michel Vasselon,@mvssln,"Fils caché, compagne non divorcée... Ces rumeurs sur François Hollande qui prolifèrent sur Internet | http://www.atlantico.fr/decryptage/francois-hollande-rumeurs-internet-fils-cache-anne-hidalgo-compagne-non-divorcee-philippe-aldrin-jean-vigreux-443772.html …",
327,Neslian Ozveren,‏@NesOzveren,"RT “@msorry_a: Petit topo sur la rumeur en politique avec le cas #Hollande http://goo.gl/68cIM ” Philippe Aldrin était mon prof, excellent!",0
328,Mary,‏@Mary6065,"Fils caché, compagne non divorcée... Ces rumeurs sur François Hollande qui prolifèrent sur Internet http://www.atlantico.fr/decryptage/francois-hollande-rumeurs-internet-fils-cache-anne-hidalgo-compagne-non-divorcee-philippe-aldrin-jean-vigreux-443772.html …",2
329,Sergio,@Sergio06300,"Fils caché, compagne non divorcée... Ces rumeurs sur François Hollande qui prolifèrent sur Internet | Atlantico http://www.atlantico.fr/decryptage/francois-hollande-rumeurs-internet-fils-cache-anne-hidalgo-compagne-non-divorcee-philippe-aldrin-jean-vigreux-443772.h",
330,BONELLI PATRICK,‏@BONELLIPATRICKK,@nana75019 http://www.atlantico.fr/decryptage/francois-hollande-rumeurs-internet-fils-cache-anne-hidalgo-compagne-non-divorcee-philippe-aldrin-jean-vigreux-443772.html …,0
331,BONELLI PATRICK,@BONELLIPATRICKK,MÉLI MÉLO SOCIALO http://www.atlantico.fr/decryptage/francois-hollande-rumeurs-internet-fils-cache-anne-hidalgo-compagne-non-divorcee-philippe-aldrin-jean-vigreux-443772.html …,0
332,Mickael Soria,@msorry_a,"Petit topo sur la rumeur en politique avec le cas ""François #Hollande"" #Décryptage http://goo.gl/68cIM",1
333,colinette06,@chabada06,"Fils caché, compagne non divorcée... Ces rumeurs sur François Hollande qui prolifèrent sur Internet | Atlantico http://www.atlantico.fr/decryptage/francois-hollande-rumeurs-internet-fils-cache-anne-hidalgo-compagne-non-divorcee-philippe-aldrin-jean-vigreux-44377",
334,Olivia Nloga,@O_Nesque,"Fils caché, compagne non divorcée... Ces rumeurs sur François #Hollande qui prolifèrent sur Internet http://ow.ly/cOFOS",0
335,Dominique LUNEL,‏@DominiqueLUNEL,"À lire  Fils caché, compagne non divorcée... Ces rumeurs sur François Hollande qui prolifèrent sur Internet http://goo.gl/68cIM",3
336,Anne-Cécile,‏@AnnCcile,"Rumeur fausse pour Atlantico, article d'une sublime nullité... //Fils caché: #Hollande victime des rumeurs | Atlantico http://bit.ly/N3nxwG",2
337,Jean-Louis TRCT,‏@GianluigiTRCT,"Plus les nanas de Floppy  @fhaollande gesticulent,plus il prend l'eau! http://www.atlantico.fr/decryptage/francois-hollande-rumeurs-internet-fils-cache-anne-hidalgo-compagne-non-divorcee-philippe-aldrin-jean-vigreux-443772.html …",0
338,JC',‏@jc_roux,"Fils caché, compagne non divorcée... Ces rumeurs sur François Hollande qui prolifèrent sur Internet | Atlantico http://www.atlantico.fr/decryptage/francois-hollande-rumeurs-internet-fils-cache-anne-hidalgo-compagne-non-divorcee-philippe-aldrin-jean-vigreux-443772.html …",
339,Gertiane,‏@OudonCh,"Fils caché, compagne non divorcée... Ces rumeurs sur François Hollande qui prolifèrent sur Internet | Atlantico http://www.atlantico.fr/decryptage/francois-hollande-rumeurs-internet-fils-cache-anne-hidalgo-compagne-non-divorcee-philippe-aldrin-jean-vigreux-443772.ht",
340,Marie,@mclbp,"Ah, la rumeur, elle court, elle court, passe de bouche en oreille... http://www.atlantico.fr/decryptage/francois-hollande-rumeurs-internet-fils-cache-anne-hidalgo-compagne-non-divorcee-philippe-aldrin-jean-vigreux-443772.html …",0
341,BONELLI PATRICK,@BONELLIPATRICKK,MÉLI MÉLO  SOCIALOS http://www.atlantico.fr/decryptage/francois-hollande-rumeurs-internet-fils-cache-anne-hidalgo-compagne-non-divorcee-philippe-aldrin-jean-vigreux-443772.html …,0
342,Morpheus Neo,‏@morpheus_neo,Hollande pere la rigueur...!http://www.atlantico.fr/decryptage/francois-hollande-rumeurs-internet-fils-cache-anne-hidalgo-compagne-non-divorcee-philippe-aldrin-jean-vigreux-443772.html …,0
343,Sousoon,‏@sousoon,"Fils caché, compagne non divorcée... Ces rumeurs sur François Hollande qui prolifèrent sur Internet | Atlantico http://www.atlantico.fr/decryptage/francois-hollande-rumeurs-internet-fils-cache-anne-hidalgo-compagne-non-divorcee-philippe-aldrin-jean-vigreux-443772.htm",
344,EpicurienneDeDroite,‏@alicenelly,http://www.atlantico.fr/decryptage/francois-hollande-rumeurs-internet-fils-cache-anne-hidalgo-compagne-non-divorcee-philippe-aldrin-jean-vigreux-443772.html …,0
345,Calcنlette,‏@LaMutine,Lire les 3 pages + commentaires! -) Ces rumeurs sur #FH qui prolifèrent sur Internet | Atlantico http://www.atlantico.fr/decryptage/francois-hollande-rumeurs-internet-fils-cache-anne-hidalgo-compagne-non-divorcee-philippe-aldrin-jean-vigreux-443772.html …,2
346,BONELLI PATRICK,‏@BONELLIPATRICKK,"Fils caché, compagne non divorcée... Ces rumeurs sur François Hollande qui prolifèrent sur Internet | Atlantico http://www.atlantico.fr/decryptage/francois-hollande-rumeurs-internet-fils-cache-anne-hidalgo-compagne-non-divorcee-philippe-aldrin-jean-vi",
347,AS,‏@smail000000,"Fils caché, compagne non divorcée... Ces rumeurs sur François Hollande qui prolifèrent sur Internet | Atlantico http://www.atlantico.fr/decryptage/francois-hollande-rumeurs-internet-fils-cache-anne-hidalgo-compagne-non-divorcee-philippe-aldrin-jean-vigreux-443772.html",
348,Atlantico,‏@atlantico_fr,"Fils caché, compagne non divorcée... Pourquoi ces rumeurs sur @FHollande prolifèrent sur Internet ? | http://ow.ly/cOFOS",3
349,Absolutely,‏@AfterEight13,"Fils caché, compagne non divorcée... Ces #rumeurs sur #Hollande qui prolifèrent sur Internet  http://www.atlantico.fr/decryptage/francois-hollande-rumeurs-internet-fils-cache-anne-hidalgo-compagne-non-divorcee-philippe-aldrin-jean-vigreux-443772.html … #PS",0
350,Gérard MARCHETTI,@GMlePRESQUILIEN,"Fils caché, compagne non divorcée... Ces rumeurs sur François Hollande qui prolifèrent sur Internet http://goo.gl/68cIM",0
351,Pierre Dumazeau,‏@PierreDumazeau,"Fils caché, compagne non divorcée... Analyse des rumeurs qui prolifèrent sur le chef de l’État | http://www.atlantico.fr/decryptage/francois-hollande-rumeurs-internet-fils-cache-anne-hidalgo-compagne-non-divorcee-philippe-aldrin-jean-vigreux-443772.htm",
352,LaVieEnBleuCiel,‏@BleuBlancRouge8,"Fils caché, compagne non divorcée... Ces rumeurs sur François Hollande qui prolifèrent sur Internet | Atlantico http://www.atlantico.fr/decryptage/francois-hollande-rumeurs-internet-fils-cache-anne-hidalgo-compagne-non-divorcee-philippe-aldrin-jean-vi",
353,Jean de Robien,@JeandeRobien,"Fils caché, compagne non divorcée... Ces rumeurs sur François Hollande qui prolifèrent sur Internet | Atlantico http://www.atlantico.fr/decryptage/francois-hollande-rumeurs-internet-fils-cache-anne-hidalgo-compagne-non-divorcee-philippe-aldrin-jean-vigreux",
354,Adrenaline ♈,@adrenaline1001,"Fils caché, compagne non divorcée... Ces rumeurs sur François Hollande qui prolifèrent sur Internet !Vrai ou faux ?http://www.atlantico.fr/decryptage/francois-hollande-rumeurs-internet-fils-cache-anne-hidalgo-compagne-non-divorcee-philippe-aldrin-jean-vigr",
355,idées et rêves,‏@idees_reves,"Fils caché, compagne non divorcée... Ces rumeurs sur François #Hollande qui prolifèrent sur Internet http://dlvr.it/1yxvwT",0
356,emilie amendola,@AmendolaEmilie,"Fils caché, compagne non divorcée... Ces rumeurs sur François Hollande qui prolifèrent sur Internet | Atlantico http://www.atlantico.fr/decryptage/francois-hollande-rumeurs-internet-fils-cache-anne-hidalgo-compagne-non-divorcee-philippe-aldrin-jean-vigr",
357,mariepaule,@marieligj,"Fils caché, compagne non divorcée... Ces rumeurs sur François Hollande qui prolifèrent sur Internet | Atlantico http://www.atlantico.fr/decryptage/francois-hollande-rumeurs-internet-fils-cache-anne-hidalgo-compagne-non-divorcee-philippe-aldrin-jean-vigreux-443772",
358,Charles Rassaert,@CharlesRassaert,"Fils caché, compagne non divorcée... Ces rumeurs sur François #Hollande qui prolifèrent sur Internet | Atlantico http://www.atlantico.fr/decryptage/francois-hollande-rumeurs-internet-fils-cache-anne-hidalgo-compagne-non-divorcee-philippe-aldrin-jean-v",
359,R.Guyard,‏@RomainGuyard,"Fils caché, compagne non divorcée... Ces rumeurs sur François Hollande qui prolifèrent sur Internet | Atlantico http://www.atlantico.fr/decryptage/francois-hollande-rumeurs-internet-fils-cache-anne-hidalgo-compagne-non-divorcee-philippe-aldrin-jean-vigreux-4437",
360,Laure Pierre,@LAUREPIERRE,"“@DebbieGoudy1: Fils caché, compagne non divorcée...Ces rumeurs sur F.Hollande qui prolifèrent sur Internet | Atlantico http://www.atlantico.fr/decryptage/francois-hollande-rumeurs-internet-fils-cache-anne-hidalgo-compagne-non-divorcee-philippe-aldrin-jean-vi",
361,D@m'S,‏@CDAMS76,"Fils caché, compagne non divorcée... Ces rumeurs sur François Hollande qui prolifèrent sur Internet | Atlantico http://www.atlantico.fr/decryptage/francois-hollande-rumeurs-internet-fils-cache-anne-hidalgo-compagne-non-divorcee-philippe-aldrin-jean-vigreux-443772.html ",
362,Séverine,‏@Aspiru,"Fils caché, compagne non divorcée... Ces rumeurs sur François ... - Atlantico.fr http://ow.ly/1lSrAz",0
363,Paydrets,@paidrets,"Fils caché, compagne non divorcée... Ces rumeurs sur François Hollande qui prolifèrent sur Internet | Atlantico http://www.atlantico.fr/decryptage/francois-hollande-rumeurs-internet-fils-cache-anne-hidalgo-compagne-non-divorcee-philippe-aldrin-jean-vigreux-443772.ht",
364,Fauchet Sylvie,‏@FauchetSylvie,"Fils caché, compagne non divorcée... Ces rumeurs sur François Hollande qui prolifèrent sur Internet | Atlantico http://www.atlantico.fr/decryptage/francois-hollande-rumeurs-internet-fils-cache-anne-hidalgo-compagne-non-divorcee-philippe-aldrin-jean-vigre",
365,MEHDI SALIM AIFA,@medi_la_fofolle,"Fils caché, compagne non divorcée... Ces rumeurs sur François ... - Atlantico.fr: Fils caché, compagne non divor... http://bit.ly/QE9c99",0
366,Darky Blue,@DarkBlueShell,On me souffle dans l'oreillette que Michel #Hidalgo aurait un fils caché en #hollande,0
367,Julien DUFOUR,@Dufour92100,#Hidalgo veut faire supprimer les tweets parlant de don fils avec #Hollande? Mais je suis 100% pour. Il ne faut pas RT cette rumeur!,0
368,ThibaultDenisduPeage,‏@TDenisduPeage,"Le peuple fait la fête a Montparnasse, a Paris avec Delanoe, Hidalgo, Huchon, le fils Hollande ... Du pain et des jeux, vive le peuple !",0
369,Anna Maria Augustine,@ParisBerlinLDN,"""Enfin, Normale"" but it's not is it.... Et le fils caché que Hollande a eu avec Anne Hidalgo, la République exemplaire c'est lebal des faux…",0
