,num_rumor,date,name,id,content,retweets
0,0,2015-08-13,mayami beach,@flotiboyy,y'a un mec i m'a appris comment se soigner du cancer avec du citron et eu bicarbonate chepa quoi,1
1,0,2015-08-11,Moatthieu,@Moatthieu,"Article de 2010, mais toujours d'actualité « Ils ont voulu soigner son cancer avec du citron » http://www.leparisien.fr/societe/ils-ont-voulu-soigner-son-cancer-avec-du-citron-13-01-2010-774876.php … /!\ c'est violent",5
2,0,2015-08-09,Youssouf Bamen C. ,@ybamen,La combinaison citron-bicarbonate de soude contre le Cancer : Savez-vous combien de gens meurent alors que ce... http://fb.me/4yzHG9Xju ,0
3,0,2015-08-08,ATACHE International,@Atache509,Le jus de citron est 10 000 fois plus efficace contre le cancer chimiothérapeutique. Peruanos En Bélgica Bis http://fb.me/1J7EBaJwC ,0
4,0,2015-07-25,Tourne SOL,@librellule,"Le citron aussi soignerait le cancer, mon amie préfère les rayons",0
5,0,2015-07-24,EquationDeDrake,@MasterofPoupets,@MisterEnzor Cancer=> Prend du jus du citron,0
6,0,2015-07-21,Grenouille rouge,@SimpleRedFrog,"@Mart4400 Le même site prétend que le jus de carotte guérit le cancer, idem pour le mélange citron-bicarbonate de sodium. @UnHommedeGauche",0
7,0,2015-07-21,macathy aimsika,@aimsika,Cancer: le citron et le bicarbonate de soude plus puissants que la chimiothérapie - http://Marichesse.com  http://fb.me/7K5z0we5h ,0
8,0,2015-07-21,macathy aimsika,@aimsika,Cancer: le citron et le bicarbonate de soude plus puissants que la chimiothérapie - http://Marichesse.com  http://fb.me/7rGagFEq2 ,0
9,0,2015-07-20,CANAL+HAITI,@canalplushaiti1,Cancer: le citron et le bicarbonate de soude plus puissants que la chimiothérapie - http://Marichesse.com  http://fb.me/5nyKYAuAk ,0
10,0,2015-07-20,A. Anderson,@reyarlin,Vénicia Stelle Victoire Guinot vrai or faux http://fb.me/6zN4G8iEJ ,0
11,0,2015-07-19,MaRichesse.Com,@MaRichesseCom,Cancer: le citron et le bicarbonate de soude plus puissants que la chimiothérapie http://www.marichesse.com/2015/07/cancer-le-citron-et-le-bicarbonate-de-soude-plus-puissants-que-la-chimiotherapie.html … #CANCER #SANTE-BIEN-ETRE,0
12,0,2015-07-18,bioshock,@Activiste_bio,Le #hoax des citrons 10000 fois plus puissant que la chimiothérapie. http://fb.me/7mSwZmf3W ,0
13,0,2015-07-16,Myriam,@MDDI_,Les gens qui utilisent zit zitoune et citron pour bronzer vous voulais grave le cancer vous,2
14,0,2015-07-15,web comart musical,@webcomart1,Des alternatives pour combattre le cancer... http://fb.me/6wJSZfLtD ,0
15,0,2015-07-02,Igal Vaude,@Chat7noir,"Je veux bien que ce soit désaltérant et kiffant, mais ne comptez pas sur ces trucs de grand-mère contre le cancer. http://www.hoaxbuster.com/hoaxliste/cancer-citron …",0
16,0,2015-06-21,Enes Muslukcu,@EnesMuslukcu,#santé #citron #cancer Pourquoi vous devriez congeler vos citrons http://wp.me/p4SkmG-rX  via @wordpressdotcom,0
17,0,2015-06-15,Fluorette,@Fluorette,Je bois du citron les matins pour ne pas avoir le cancer de l'estomac. Moi qui croyais qu'il fallait exposer de l'eau à la lune! @Dr_FEES,1
18,0,2015-05-07,mileve043,@mileve043,Les bienfaits du citron et de la lime contre le concer Cancer (prévention). Plusieurs études ont démontré que la... http://fb.me/3Rs7bRK0T ,0
19,0,2015-04-13,sourire de vie,@sourire_de_vie,la médecine alternative est un complément à la médecine conventionnelle!!! quand la force vital est engager la... http://fb.me/3I3510F69 ,0
20,0,2015-03-21,Juju,@i_love_juju,"Donner de l'espoir et la moitié des membres de l'EI le quitteront. Nicolas Hénin, #ONPC oui! Et le jus de citron frais soigne le cancer",3
21,0,2015-03-17,Caroline Décoste,@Carolinelasnob,"@KavenBrassard @YTherrien @KimAuclair Crédules, tu veux dire? Leur problème. Y'en a qui pensent que le citron guérit le cancer itou.",0
22,0,2015-03-16,SIG Santé Sénégal,@SIGSanteSenegal,"#Sig #Santé #Sénégal: Remède Naturel a base de citron contre Hépatite, cancer, diabète et hypertension viaRT @RTS1_Senegal",1
23,0,2015-03-16,France Meudic 64-13,@FranceMeudic,Actu santé : CANCER de l’OVAIRE: 2 tasses de thé pour réduire de 30% son risque http://www.santelog.com/news/cancerologie/cancer-de-l-ovaire-2-thes-au-citron-par-jour-pour-reduire-de-30-son-risque_13089_lirelasuite.htm#lirelasuite … #santelog,0
24,0,2015-03-13,Amina ,@___Amina___,Tous les jours on nous parle d'un produit naturel qui détruit les cellules cancéreuses. Le cancer continue à avancer http://www.espritsciencemetaphysiques.com/personne-saine-idee-congeler-un-citron.html …,0
25,0,2015-03-11,Senior MDocteur,@SeniorMDoctorFr,Senior:Prostate>Pourquoi devriez-vous boire une tasse de thé au citron et au gingembre tous les jours ?... http://bit.ly/1GsCCOT  #medecine,1
26,0,2015-03-10,Marieme Birame Bâ,@MariemeBirameBa,"#Cesti Reméde Naturel a base de citron contre Hépatite, cancer, diabète et hypertension http://fb.me/7c0IcMQGZ ",0
27,0,2015-03-09,Alloinfos.com,@alloinfos,"Santé:Reméde Naturel a base de citron contre Hépatite, cancer, diabète et hypertension. http://alloinfos.com/santeremede-naturel-a-base-de-citron-contre-hepatite-cancer-diabete-et-hypertension/ …",0
28,0,2015-03-03,Anne B.,@Cariban03,avec des réflexions genre moi je prend de l'au avec du citron ts les matins et je n'ai pas eu le cancer ou ma maladie s'est déclaré 2/,0
29,0,2015-02-26,Dydy,@DylanVln,@Damss_Lhnf @CalifeA @_Lilouuu @Gendarmerie Abdel il fout le seum avc son orange citron menthe il veut chopper quel genre de cancer,0
30,0,2015-02-21,telematin ,@telematintv,Lundi @telematintv Faune @natacha_harry Centre #Cancer Chien chat Gourmand @ctgourmand Beurre huile aromatisée citron,3
31,0,2015-02-20,Pauline,@M_Paauline,- g 1 cancer - Prends un thé citron ça détoxifie #LT,0
32,0,2015-02-03,Laetitia LORNIAC,@chimiopratique,"#Cancer, prix Nobel et citron, une histoire bizarre http://buff.ly/1LHuU8a ",0
33,0,2015-01-30,Tunivisions,@Tunivisions,#Santé #Etude #Thé #Citron #Antioxydant #Cancer #Crise_ardiaque #AVC Une nouvelle étude vient de révéler que le... http://fb.me/1BXr0RM9m ,0
34,0,2015-01-30,Tunizen,@TunizenNet,#Santé #Etude #Thé #Citron #Antioxydant #Cancer #Crise_ardiaque #AVC Une nouvelle étude vient de révéler que le... http://fb.me/1MGmO3HNi ,0
35,0,2015-01-30,Tunizen,@TunizenNet,"Santé , Etude : Le thé au citron, remède miracle contre le cancer http://dlvr.it/8JpW2T ",0
36,0,2015-01-27,✝Amalthe2,@amalthe2,"Les extraordinaires vertus du citron - Le citron, ennemi N°1 du cancer... L’Institut de Sciences de la… http://photosdetout.over-blog.com/article-les-extraordinaires-vertus-du-citron-99607008.html#fromTwitter …",0
37,0,2015-01-22,♿️,@adagmania,@cassius_elvis goût citron vert c'est grave bon tant pis pour le cancer ,0
38,0,2015-01-13,acoua-info,@AcouainfoC,BON A SAVOIR. http://fb.me/6ZY7OVFDT ,0
39,0,2015-01-13,Santé+ Magazine,@Santeplusmag,Pourquoi le citron ne guérit pas le cancer ? http://fb.me/4KQBkuwDg ,0
40,0,2015-01-03,"Run run, ditto moon",@dolfsquare,Le citron soigne du cancer omg tro lol (poke @lepharmachien) http://swagactu.com/ajoutez-un-seul-ingredient-dans-votre-verre-deau-pour-proteger-votre-coeur.html …,0
41,0,2014-12-20,Peruanos En Bélgica,@PeruEnBelgica,Le jus de citron est 10 000 fois plus efficace contre le cancer chimiothérapeutique. Peruanos En Bélgica Bis http://fb.me/1J7EBaJwC ,0
42,0,2014-12-11,FLEURENTIN MONIQUE,@soyonscourtois,"http://lesbrindherbes.org/2013/03/28/le-citron-un-aliment-anti-cancer-canular-ou-verite/ … CITRON PLEIN DE VERTUS, ET NE PEUT FAIRE DE MAL...VOYEZ CE LIEN...",0
43,0,2014-12-09,MARIE DUVAL,@MARIEDUVAL1,"Anti-cancer : placez votre citron dans votre congélateur, puis râpez-le sur votre repas à tous les jours =10.000 fois plus puissant k médoc",0
44,0,2014-12-04,Grenouille rouge,@SimpleRedFrog,"Moins puissant que l'eau sucrée, on y apprend néanmoins que le mélange betterave-carotte-pomme-citron fait un malheur au cancer. #TP",1
45,0,2014-11-29,Soulmate,@Kenan_L,"Jus de citron => déjà guéri. C'est à ça qu'on voit qu'on est des garçons en pleine santé, en 6 heures on guérit d'un cancer de la gorge.",0
46,0,2014-11-27,Jürgen Josef Jansen,@quantenwelle,Citron et de la bicarbonate de sodium - 10 000 fois plus efficace que la chimiothérapie contre le cancer ...... http://fb.me/42DwpmuAM ,0
47,0,2014-11-08,revolutionpacifique,@revolutionpacif,La boisson miracle qui empêche la propagation du cancer. 1 betterave 1 carotte 1 pomme et 1 citron http://fb.me/3HT5FybiF ,1
48,0,2014-11-01,Corinne Poyet,@PoyetC,Actu santé : CANCER de l’OVAIRE: 2 tasses de thé pour réduire de 30% son risque http://www.santelog.com/news/cancerologie/cancer-de-l-ovaire-2-thes-au-citron-par-jour-pour-reduire-de-30-son-risque_13089_lirelasuite.htm … #santelog,0
49,0,2014-10-31,revolutionpacifique,@revolutionpacif,Connaissiez-vous l'effet protecteur du thé noir au citron contre le cancer de l'ovaire ? http://fb.me/1LXTkCZXG ,0
50,0,2014-10-31,Bogdan Petre,@Petre_Bogdan,Le thé noir au citron serait efficace pour se protéger du cancer de l'ovaire✽http://ift.tt/1paHO6O  #rtl #belgique,0
51,0,2014-10-31,christine bruaux,@fandu56,Le thé noir au citron serait efficace pour se protéger du cancer de l'ovaire http://fb.me/4jlfuCi6I ,0
52,0,2014-10-31,Le Teashop,@LeTeashop,"{SANTE} Le #thé au citron, un allié #anticancer pour les femmes http://bit.ly/1wNjDO4 ",1
53,0,2014-10-31,Celine Touati,@NaturoTouati,Du thé noir au citron pour se protéger du #cancer de l'ovaire http://bit.ly/1rVQXf4  via @Topsantecom,0
54,0,2014-10-31,Directeur des Soins,@DSirmtCom,Le thé noir au citron serait efficace pour se protéger du #cancer de l'ovaire http://www.topsante.com/medecine/cancers/cancer-des-ovaires/prevenir/le-the-noir-au-citron-serait-efficace-pour-se-proteger-du-cancer-de-l-ovaire-72831 … via @topsantecom,
55,0,2014-10-31,Top Santé,@Topsantecom,Du thé noir au citron pour se protéger du cancer de l'ovaire http://bit.ly/1rVQXf4 ,3
56,0,2014-10-30,Chris Thiry ,@ChrisThiry,Le thé noir au citron serait efficace pour se protéger du cancer de l'ovaire http://www.topsante.com/medecine/cancers/cancer-des-ovaires/prevenir/le-the-noir-au-citron-serait-efficace-pour-se-proteger-du-cancer-de-l-ovaire-72831 …,0
57,0,2014-10-30,seneweb .com,@seneweb,"Les femmes pourraient se protéger du cancer de l'ovaire en modifiant leur alimentation, selon une nouvelle étude... http://fb.me/3qQlRirPo ",1
58,0,2014-10-30,Bendridi,@KmBendridi,Actu santé : CANCER de l’OVAIRE: 2 tasses de thé pour réduire de 30% son risque http://www.santelog.com/news/cancerologie/cancer-de-l-ovaire-2-thes-au-citron-par-jour-pour-reduire-de-30-son-risque_13089_lirelasuite.htm#lirelasuite … #santelog,0
59,0,2014-10-30,Inzouddine Dhohaer,@dhohaer,Le thé noir au citron serait efficace pour se protéger du cancer de l'ovaire. Les femmes pourraient se protéger... http://fb.me/47Vn5fbyf ,0
60,0,2014-10-29,Aline Perraudin,@alineperraudin,Cancer de l'ovaire : 2 tasses de thé pour réduire de 30% son risque http://www.santelog.com/news/cancerologie/cancer-de-l-ovaire-2-thes-au-citron-par-jour-pour-reduire-de-30-son-risque_13089_lirelasuite.htm#lirelasuite … #santelog,0
61,0,2014-10-29,hzak,@a8393793424e467,CANCER de l'OVAIRE: 2 tasses de thé pour réduire de 30% son risque - American Journal of Clinical Nutrition http://dlvr.it/7LytqX ,0
62,0,2014-10-29,Parle à ma main...,@Osteo_du_sport,CANCER de l’OVAIRE: 2 tasses de thé pour réduire de 30% son risque http://www.santelog.com/news/cancerologie/cancer-de-l-ovaire-2-thes-au-citron-par-jour-pour-reduire-de-30-son-risque_13089_lirelasuite.htm#lirelasuite …,0
63,0,2014-10-29,inviTRA Français,@inviTRAfr,Actu santé : CANCER de l’OVAIRE: 2 tasses de thé pour réduire de 30% son risque http://www.santelog.com/news/cancerologie/cancer-de-l-ovaire-2-thes-au-citron-par-jour-pour-reduire-de-30-son-risque_13089_lirelasuite.htm#lirelasuite … #santelog,0
64,0,2014-10-29,Directeur des Soins,@DSirmtCom,#CANCER de l’OVAIRE: 2 tasses de thé pour réduire de 30% son risque http://www.santelog.com/news/cancerologie/cancer-de-l-ovaire-2-thes-au-citron-par-jour-pour-reduire-de-30-son-risque_13089_lirelasuite.htm#lirelasuite … #santelog,3
65,0,2014-10-29,Amina docteur,@Aminadocteur,CANCER de l'OVAIRE: 2 tasses de thé pour réduire de 30% son risque - American Journal of Clinical Nutrition... http://fb.me/2JJkouLQx ,0
66,0,2014-10-29,Santé log,@santelog,CANCER de l'OVAIRE: 2 tasses de thé pour réduire de 30% son risque - American Journal of Clinical Nutrition http://dlvr.it/7LytqX ,3
67,0,2014-10-29,observatoire obésité,@obsrvtr_obesite,CANCER de l'OVAIRE: 2 tasses de thé pour réduire de 30% son risque - American Journal of Clinical Nutrition http://www.santelog.com/news/cancerologie/cancer-de-l-ovaire-2-thes-au-citron-par-jour-pour-reduire-de-30-son-risque_13089.htm …,0
68,0,2014-10-15,Hercelin Bernard,@HercelinBernard,"Le Gingembre, curcuma, citron certainement plus efficace http://fb.me/2YuFSiTcC ",0
69,0,2014-09-23,Rob Daneels,@lach33,@Curiolog @guardian @guardianeco Quoting jus de citron pour guérir du cancer or les vaccins sont dangereux as bad information.,0
70,0,2014-09-23,Antoine Droux,@antoinedroux,Pfff... Soigner Ebola avec du chlorure de magnésium... Et pourquoi pas guérir du cancer grâce au jus de citron! #LastRT,0
71,0,2014-09-09,Sofiane™,@SofianeMurrey,"Oh Le seul remède que je connais c'est une tisane avec du miel et du citron, je peux avoir un cancer je me ferais quand mm une tisane+ miel",0
72,0,2014-08-22,MAREE LEE,@LeeTardif,un remède efficace et pas cher contre le cancer. Aissi très efficace pour maintenir sa santé... http://fb.me/6BRDnu07l ,0
73,0,2014-08-20,Véronique Dupont,@VroniqueDupont1,"@Rowlfg Et 1 fraise tagada ctre la famine, 1 maison en coton ctre ls tornades, 1 jus de citron contre le cancer, 1 bisou contre 1violeur....",2
74,0,2014-07-31,Anne Marie Thouin,@amthouin,"@lucieb91 Y a le citron et la bicarbonate, de puissants remèdes trop ignorés. http://www.espritsciencemetaphysiques.com/citron-bicarbonate-soude-combinaison-guerison-puissante.html … #cancer d@sharethis",0
75,0,2014-07-14,Bayiri.com,@Bayiri_com,"[SANTE] Hépatite, calculs, cancer, diabète et hypertension : Remèdes à base de citron A Lire ici ↴... http://fb.me/3IdPnW3TS ",0
76,0,2014-06-26,Ex Peak,@EX_PK,Du citron contre le cancer! - LE CITRON BIEN MEILLEUR QUE LA CHIMIOTHÉRAPIE!!! C’est sûr??? Institut de… http://cancer-soinsalternatifs.over-blog.net/article-du-citron-contre-le-cancer-61551414.html#fromTwitter …,0
77,0,2014-06-14,Swaagzer ✌,@Freddy_Mignon,"Si t'as un cancer aux poumons, faut boire du jus de citron. Ca va les nettoyer #Harold",1
78,0,2014-06-14,chevre53,@chevre53,Du citron contre le cancer! - LE CITRON BIEN MEILLEUR QUE LA CHIMIOTHÉRAPIE!!! C’est sûr??? Institut de… http://cancer-soinsalternatifs.over-blog.net/article-du-citron-contre-le-cancer-61551414.html …,1
79,0,2014-06-13,Miss LaPaix,@beadesm1,Ma mère a refusée chimiotherapie et son cancer du poumon a diminué depuis 4 ans avec recette au citron http://cancer-soinsalternatifs.over-blog.net/article-du-citron-contre-le-cancer-61551414.html …,0
80,0,2014-05-25,belland thierry,@belland_thierry,€‹ > > C'est connu mais il est bon de s'en rappeler > > Ennemi puissant du cancer un fruit > > > > Le citron... http://fb.me/6Mngu39RI ,0
81,0,2014-05-10,Marshal✨✨,@lamanmarshal,"Qd la vie t'offre du citron, fais en une citronnade, mais que fait-on si la vie ns offre un cancer? #Stephen #effetpap",2
82,0,2014-04-06,cancerand.co,@cancerandco,Soigner un cancer au jus de citron ou par concentration | Les conneries que véhiculent l'oisiveté et la boboïtude http://www.parismatch.com/Actu/Sante/Soigner-un-cancer-au-jus-de-citron-ou-par-concentration-156144 …,0
83,0,2014-03-12,[K]evinserine,@kevinserine,"#REMEDE le Citron Congelé, remède anti-cancer ultra efficace http://recettes-quebecoises.qc.ca/2014/03/02/le-citron-congele-incroyable-force-de-guerison-naturelle/#.UxzIHsBS0I8.facebook …",0
84,0,2014-02-24,Tang Wu,@LiluAK,"@SamanthaCBB Non mais la meuf on dirait il a un cancer de l'utérus, relax, prends un fanta citron.",1
85,0,2014-02-11,Laetitia LORNIAC,@chimiopratique,"Le citron, aliment anti-cancer miracle ? http://www.chimio-pratique.com/le-citron-aliment-anti-cancer-miracle/ …",0
86,0,2014-02-04,ALAÏA DICAPRIO,@SofiaMelliti,Jvais me ruiner dans le citron mais je suis confiante en ses bienfaits J'ai pas envi de choper le cancer,1
87,0,2014-02-01,messai,@bastolumat,@Natentongs @NGourd @babooLN arretons lezs boissons alcooliseés prendre au lieu et place citron et the contre le cancer,0
88,0,2014-01-29,Marion McGuinness,@maxibestofmcmam,"C est la verite, la chimio accelere le cancer, l ecorce de citron est dix mille fois plus efficace que la chimio. Les blogs.",0
89,0,2014-01-28,Constance ,@_ConstanceDel,@LeVraiHoroscope: Alcool du #Cancer : Vodka. Je dirais même plus : vodka-citron-eau !! #LABASE,2
90,0,2014-01-06,Bow Down Bitches ✋,@_Sooniia_,": Le boisson préféré du #Cancer est l' Ice Tea, gout pêche ou citron! Merde il m'a eu le batard.",2
91,0,2014-01-03,Manuela Cétina,@Mopelya,Citron ennemi N°1 du cancer. Source: http://www.afrohistorama.info/article-le-citron-ennemi-n-1-du-cancer-selon-institut-de-sciences-de-la-sante-l-l-c-819-n-causez-street-balt-86191715.html …,0
92,0,2014-01-03,Manuela Cétina,@Mopelya,"Le citron serait l'ennemi N°1 du cancer, et 10000 fois plus efficace que la chimio thérapie. Il aiderait aussi à prevenir la maladie",0
93,0,2013-12-24,Mαrσιηε.,@MrRMKFR,"L’infirmière du lycée tu peux lui dire que ta le cancer, elle va quand même te donné un sucre ou une pastille au citron cette connasse...",20
94,0,2013-12-05,loic tsimi,@loictsimi,Il est démontré ke un verre de citron par jour permet de lutter contre ts types de cancer,0
95,0,2013-11-29,Miss LaPaix,@beadesm1,"Ma mère a expérimenté cela pour cancer poumon, fait 4 ans son cancer a diminue RT aucun medicament http://eddenyaup.com/index.php/sante-et-sciences/1677-le-citron-est-10-000-fois-plus-puissant-que-la-chimiotherapie …",0
96,0,2013-11-24,brou georges,@GeorgesBrou,le citron protege les tissus ou les organes humains contre le cancer et l hypertension.,0
97,0,2013-11-15,Julie,@alzingre_julie,"Mon frère a peur d'avoir le cancer du citron, parce qu'il met beaucoup de citron sur la viande et poisson #CeMecEstFou",1
98,0,2013-11-13,max loves lou,@crazy_effect,"“@DarkHoroscope: Le boisson préféré du #Cancer est l' Ice Tea, gout pêche ou citron!” ÊTES VOUS DIEU ? :)",3
99,0,2013-11-10,Timeo Danaos,@MC_Timeo_Danaos,@VolailleDesBois on est cons quand même. On développe des thérapies hors de prix alors qu'un citron suffit à soigner le cancer !,0
100,0,2013-11-09,ephedrine,@videdesens,"“@DarkHoroscope: Le boisson préféré du #Cancer est l' Ice Tea, gout pêche ou citron!” Moi a 382638292% mdrrr :'))",1
101,0,2013-11-09,DarkHoroscope,@DarkHoroscope,"Le boisson préféré du #Cancer est l' Ice Tea, gout pêche ou citron!",17
102,0,2013-11-07,ChatNoir,@GnChNr,@latifamanseri Toujours se méfier avant de diffuser ce genre d'infos... Il y a de vrais malades désespérés... http://www.hoaxbuster.com/hoaxliste/cancer-citron …,1
103,0,2013-11-06,Benjamin Anseaume,@Anseaume,Alerte au faux citron guérisseur de cancer http://www.hoaxbuster.com/hoaxliste/cancer-citron … J'<3 les conspirationnistes,2
104,0,2013-11-05,Kabylie News,@Kabylie_news,Santé : Le citron et le cancer - I HooH ! http://shar.es/IQOVi  via @Ihooh.net,0
105,0,2013-10-25,jetfil,@jetfil_info,"Le citron un aliment anti cancer, canular ou vérité ? http://www.bon-coin-sante.com/blog-sante-sans-prise-de-tete/actualites-sante/le-citron-un-aliment-anti-cancer-canular-ou-verite/ … via @@Boncoinsante",0
106,0,2013-10-24,Gaspard Alizan,@GaspardAlizan,"Affligeant ces new hippies alternatifs, après le citron qui guérit le cancer voici le pépin de pamplemousse http://www.alternativesante.fr/extraitpepin-de-pamplemousse/ … #Neuneus",0
107,0,2013-10-16,Diarra,@DiarraFall1,Il paraitrait que le citron (jaune) aurait de grandes vertus anti-cancer. De grandes grandes...,0
108,0,2013-10-11,Defah ♕,@wanenavy,"Citron, miel, eau chaude... Ça devrait même soigner le cancer. Trop efficace !",1
109,0,2013-10-06,JOACHIM AKEUS,@akeus731,UN CITRON PAR JOUR ELOIGNE LE CANCER DE NOUS. A NOTRE SANTE!!! http://fb.me/2rT51p5d7 ,0
110,0,2013-08-27,Eglise Cpead Paris,@GrupoKadosh_,La peau du citron sa tue les cellule du cancer,0
111,0,2013-08-16,Marie-France Berger,@etoile333_,À lire bien intéressant ! éloigne le cancer ! http://www.eddenya.com/index.php/sante-et-sciences/1677-le-citron-est-10-000-fois-plus-puissant-que-la-chimiotherapie …,0
112,0,2013-08-13,MassothérapieCorine,@CorineMasso,Le citron contre le cancer. http://fb.me/14pdd7b7W ,0
113,0,2013-08-12,LIBENS PASCAL,@pascallibens,A force de lire ce que Luc Trullemans partage tu mangerais plus que du citron pour éviter le cancer et de l'ail... http://fb.me/PVbWC1st ,0
114,0,2013-08-08,Jérémyologie,@JeremyFort65,"Le citron le produit miracle contre le cancer? 10 000 fois plus puissant que la chimiothérapie? Et ben putain, à ce point...",0
115,0,2013-08-03,Hicham BABA AHMED,@HichamBABAAHMED,Le citron ennemi du cancer? http://www.empowernetwork.com/leader2013/blog/le-citron-ennemi-n1-du-cancer/ …,0
116,0,2013-07-28,Welcome !,@_Aujourdhui,Plus de #chimio! Le citron contre le #cancer ? Ca serait bien ! Via @MaRichesseCom : http://0z.fr/xhDr6 ”,0
117,0,2013-07-23,web croqueur,@webcroqueur,- Citron 5 - Et en cas de cancer ? - Le dogme thérapeutique - - Le blog de... : http://pear.ly/umpg4  via @pearltrees #citronetsesvertus,0
118,0,2013-07-23,web croqueur,@webcroqueur,Les vertus du citron congelé pour lutter contre le cancer!! et oui!! | Tu... : http://pear.ly/umo68  via @pearltrees #citronetsesvertus,0
119,0,2013-07-23,web croqueur,@webcroqueur,"Le citron un aliment anti cancer, canular ou vérité ? : http://pear.ly/umo5O  via @pearltrees #citronetsesvertus",0
120,0,2013-07-21,The Lumberjack ,@un_citron,"@Marjorie__S doctissimo, insomnie ... Greg j'ai un cancer du cerveau !! ",0
121,0,2013-07-20,CALLIOPE SERVICES,@CalliopeTunisie,Le citron ennemi N°1 du cancer | Didier Batté's Empower Network Blog http://www.empowernetwork.com/leader2013/blog/le-citron-ennemi-n1-du-cancer/ …,0
122,0,2013-07-20,yahya qachach,@yahyaamecsel,Le citron ennemi N°1 du cancer http://buff.ly/1dFhiqf ,0
123,0,2013-07-17,yahya qachach,@yahyaamecsel,Yahya Qachach - Le citron ennemi N°1 du cancer http://buff.ly/193r0oz ,0
124,0,2013-07-15,yahya qachach,@yahyaamecsel,Le citron ennemi N°1 du cancer | @scoopit http://sco.lt/8G2LPl ,0
125,0,2013-07-15,Get Up Stand Up,@wattashit3,"Le citron un aliment anti cancer, canular ou vérité ? http://www.bon-coin-sante.com/blog-sante-sans-prise-de-tete/actualites-sante/le-citron-un-aliment-anti-cancer-canular-ou-verite/ … via @Boncoinsante",0
126,0,2013-07-14,Geneviève,@HarmonieFrAAnce,Le citron est 10.000 fois plus puissant que la chimiothérapie ! http://www.eddenya.com/index.php/sante-et-sciences/1677-le-citron-est-10-000-fois-plus-puissant-que-la-chimiotherapie … #cancer #citron #santé,2
127,0,2013-07-13,yahya qachach,@yahyaamecsel,Le citron ennemi N°1 du cancer | @scoopit http://sco.lt/8G2LPl ,0
128,0,2013-07-12,wiss,@wissxo,Le citron est 10 000 fois plus puissant que la chimio (pour guérir le cancer) oh,0
129,0,2013-07-09,Celine Touati,@NaturoTouati,"“@urgences: Le #citron ennemi N°1 du #cancer, Il est 10.000x plus puissant que la #chimiothérapie. #santé, #urgences http://www.urgences-ci.net/forum/index.php?page=post&ids=43 …”",1
130,0,2013-07-08,urgences-ci.net,@urgences,"#cancer: Le #citron ennemi N°1 du cancer, Il est 10.000 fois plus puissant que la chimiothérapie. #santé, #urgences http://www.urgences-ci.net/forum/index.php?page=post&ids=43 …",1
131,0,2013-07-08,urgences-ci.net,@urgences,"#cancer: Le #citron ennemi N°1 du cancer, Il est 10.000 fois plus puissant que la chimiothérapie. #santé, #urgences",0
132,0,2013-07-05,Ithri,@Bent_Aissa,Existe-t-il des aliments anti cancer? et le citron entre autres http://www.eddenya.com/index.php/sante-et-sciences/2873-existe-t-il-des-aliments-anti-cancer …,0
133,0,2013-07-04,Agostinho DSB,@Agodsb,Citron et Cancer...! http://fb.me/2oVx6LXZW ,0
134,0,2013-07-03,Sophie TALAYRACH,@darhavi,Le citron ennemi N°1 du cancer | Didier Batté's Empower Network Blog http://www.empowernetwork.com/leader2013/blog/le-citron-ennemi-n1-du-cancer/ …,0
135,0,2013-07-01,MassothérapieLeclerc,@MassoKLeclerc,"Le citron, l'ennemi numéro 1 du cancer!!! #massotherapie #conseils #citron http://www.empowernetwork.com/leader2013/blog/le-citron-ennemi-n1-du-cancer/ …",0
136,0,2013-06-30,Didier Batté,@Leader2012Batt,Le citron ennemi N°1 du cancer | Didier Batté's Empower Network Blog http://www.empowernetwork.com/leader2013/blog/le-citron-ennemi-n1-du-cancer/ …,2
137,0,2013-06-19,Sylvain Gengo,@GengoSylvain,http://www.tatabuzz.com/2013/06/le-citron-est-10-000-fois-plus-puissant-que-la-chimiotherapie/ … Comment guérir du #cancer : le #citron est 10x plus puissant que la #chimiothérapie ! #buzz #medecine #santé,0
138,0,2013-06-19,Changer de vie,@Reussissez,comment #guérir le #cancer avec 1 simple #citron et pourquoi on vous a #menti http://www.eddenya.com/index.php/sante-et-sciences/1677-le-citron-est-10-000-fois-plus-puissant-que-la-chimiotherapie …,0
139,0,2013-06-18,jorguigwenoe,@jorguigwenoe,@kestudislol @Mekestufais moi aussi en dessous des palmiers et en plus le citron sa brûle les graisses et a des vertus contre le cancer lol,0
140,0,2013-06-16,MarieDM,@WallieDM,#cancer #santé Le citron est 10.000 fois plus puissant que la chimiothérapie ! http://www.eddenyaup.com/index.php/sante-et-sciences/1677-le-citron-est-10-000-fois-plus-puissant-que-la-chimiotherapie …,0
141,0,2013-06-13,Miss LaPaix,@beadesm1,"y croyez vous moi non, mais ma mer en a fait l'expérience et bizarrement son cancer des poumons a diminue Sceptique http://www.eddenya.com/index.php/sante-et-sciences/1677-le-citron-est-10-000-fois-plus-puissant-que-la-chimiotherapie …",0
142,0,2013-06-12,Ahmed Chaabane,@ahmedchaabane,Le citron est 10.000 fois plus puissant que la chimiothérapie ! http://www.eddenya.com/index.php/sante-et-sciences/1677-le-citron-est-10-000-fois-plus-puissant-que-la-chimiotherapie … #Santé #Cancer,0
143,0,2013-06-11,Senat_direct,@Senat_Direct,J. Mézard (RDSE) : Jus de citron et lavement au café ne soignent pas du cancer ou de la sclérose en plaques #directsénat #santé,0
144,0,2013-06-10,Chakaiclub,@Chakaiclub,Du thé au citron pour un effet antioxydant accru http://goo.gl/ijv9I ,0
145,0,2013-06-10,Mahdi,@Noorcoran,"@rsistons oui ,il faut difuser au max qu'on peut se soigner du cancer :citron et jus à volonté !!et bcp de FOI et Piété",2
146,0,2013-06-07,Stobon Mon BB ♥♚,@Ea_Stobon,#InventeUnSecretPourSS7 J'ai été atteint du Cancer et j'ai été guéri avec du citron.,5
147,0,2013-06-07,Al Moultazimoun ®,@almoultazimoun,"Le citron, un bienfait d'Allah ta'ala ! Masha Allah http://fb.me/1mHns7xta ",0
148,0,2013-06-05,ShendouDestructeur,@DjStraikFWI,Oui Citron le Cancer !!!,0
149,0,2013-05-23,brou georges,@GeorgesBrou,"Les plantes médicinales qui protègent contre toutes formes de cancer sont l'ail,le citron,la tomate,la nigelle,le corrossol,etc...",0
150,0,2013-05-23,Asso Aide Entreprise,@aide_entreprise,Entre citron et champagne .......plus de cancer et plus d'alzheimer........! http://fb.me/AImKF2OH ,0
151,0,2013-05-21,Éveline Gagné,@Asdumassage,"En cas de cancer, j'essaierais le citron avant la chimiothérapie!!!! http://fb.me/29ddHBVJX ",0
152,0,2013-05-20,Vicely Lafa,@vicelylafa,Saviez-vous que le citron est trés bon pour le cancer! Il faut en boire beaucoups. svp...,0
153,0,2013-05-18,Roger Lemelin,@Rodglem1,"#Citron détruit les cellules malignes ds 12 types de cancer, côlon, du sein,de la prostate, du poumon et du pancréas http://www.eddenya.com/index.php/sante-et-sciences/1677-le-citron-est-10-000-fois-plus-puissant-que-la-chimiotherapie …",1
154,0,2013-05-17,Lexa,@shugyosha66,Le citron est 10.000 fois plus puissant que la chimiothérapie ! #santé #cancer http://www.eddenya.com/index.php/sante-et-sciences/1677-le-citron-est-10-000-fois-plus-puissant-que-la-chimiotherapie …,4
155,0,2013-05-16,fredouye91®,@kikadikoiaki,@Youri66 j'y ai cru et puis http://www.hoaxbuster.com/hoaxliste/cancer-citron …,0
156,0,2013-05-15,aziz haddou,@haddouaziz,"Il détruit les cellules malignes dans 12 types de cancer, y compris celui du côlon, du sein, de la prostate, du... http://fb.me/2nEV6dIMM ",0
157,0,2013-05-13,Luss,@LucilleDvl,Le citron est un produit miraculeux pour tuer les cellules cancéreuses. je viens de voir ca et je me suis dis que j'aurai pas le cancer!,0
158,0,2013-05-09,So' Fatoo,@zahrasaiid,Le citron ennemi N°1 du cancer ... si ces dires sont averes deh il y a la de quoi se degouter definitivement des... http://fb.me/1mLEMYkr9 ,0
159,0,2013-05-08,jaimebladi.com,@jaimebladi,Le citron ennemi N°1 du cancer. SANAA. Cuisine Marocaine et Méditerranéenne http://fb.me/2KlwX2Ej3 ,0
160,0,2013-05-04,Didier Batté,@Leader2012Batt,"Bonjour, merci de me suivre J'ai posté un nouvel article un ennemi contre le cancer le citron http://oua.be/y7f  Amicalement,",1
161,0,2013-05-03,steeve chiasson ,@aliasstech,Une bonne Citronnade Le citron ennemi N°1 du cancer C'est à savoir et à diffuser... Institut de Sciences de la... http://fb.me/MEij5JDF ,0
162,0,2013-04-29,Full Stamina,@KristoffThibois,"J'espère que c'est pas un cancer des dents, ou j'ai du manger trop de citron #LT",0
163,0,2013-04-28,Mahdi,@Noorcoran,Les bienfaits du citron - ennemi N°1 du cancer http://ith-yaala.discutforum.com/t4272- ,0
164,0,2013-04-27,Didier Batté,@Leader2012Batt,"Bonjour,merci de me suivre j'ai posté un nouvel article un ennemi contre le cancer le citron http://oua.be/y7f  Amicalement,",0
165,0,2013-04-23,Didier Batté,@Leader2012Batt,"Bonjour , bienvenue aux nouveaux abonnés https://www.empowernetwork.com/leader2013/?p=111 … Amicalement,",0
166,0,2013-04-09,Didier Batté,@Leader2012Batt,"Bonjour bienvenu Aujourd'hui nous parlerons de l'ennemi du CANCER le citron!!! http://www.empowernetwork.com/leader2013/blog/le-citron-ennemi-n1-du-cancer/ … Amicalement,",0
167,0,2013-04-05,❀ Bee Curious ❀,@ToBeeCurious,"#Citron maître en matière de #détox, contient des anti-oxydants, a des vertus anti-cancer, anti-fringales, antiseptiques & anti-saignement",0
168,0,2013-03-24,Boncoinsante,@Boncoinsante,"Le citron un aliment anti cancer, canular ou vérité ? | @scoopit http://sco.lt/6DG93Z ",1
169,0,2013-03-21,ZIBOU ( ruellan ),@jyr9438,Merci de partager cet article!! Information très utile Le citron ennemi N°1 du cancer C'est à savoir et à... http://fb.me/2trw6dW6U ,0
170,0,2013-03-21,sandrinehe,@sandrinehe,"A partager .. Le citron , ennemi n'1 du cancer http://fb.me/N6I4Usul ",0
171,0,2013-03-20,Mispeakingtoyall,@TheBoi4MeDable,"Le citron, remède naturel contre la crève et le cancer! Vais devenir Alcocitroné....",0
172,0,2013-03-17,FEHRI OUNAIES,@FEHRIOUNAIES,Le citron ennemi N°1 du cancer http://fb.me/20wfYnAML ,0
173,0,2013-03-15,Matricatwit,@matricatwit,Canular “@Juliiie04: citron plus puissant que la chimiothérapie http://www.hoaxbuster.com/hoaxliste/cancer-citron … @Psiri29 @Juliesoleil14 @Alain_2012a @75_JASMIN,0
174,0,2013-03-08,Michel Laurence,@MichelLaurence,@MaRichesseCom Cancer-Citron=FAUX. http://www.hoaxbuster.com/hoaxliste/cancer-citron … @GabrielleBoldu1,0
175,0,2013-03-02,Nawel Serbis,@nawelkarimaserb,"Le citron ennemi N°1 du cancer - C’est à savoir et à diffuser... Institut de Sciences de la Santé, L.L.C. 819… http://forumdesdemocrates.over-blog.com/article-le-citron-ennemi-n-1-du-cancer-115814189.html …",0
176,0,2013-02-25,Ivoire Express,@IvoirExpress,Citron tue cancer http://wp.me/p33XR9-VC ,0
177,0,2013-02-23,CivVR,@CIVVR2,RT @tlacocan: @civVR http://www.hoaxbuster.com/hoaxliste/cancer-citron … désolé d'avoir diffusé une info pareille... rss auto :,1
178,0,2013-02-23,voirin,@alainvoirin1,"Cancer - Le citron, un puissant remède - http://Abidjan.net  http://news.abidjan.net/h/452501.html  via @abidjan_net",0
179,0,2013-02-23,New CI,@New_CI,"Cancer - Le citron, un puissant remède (Le Democrate) http://bit.ly/Xrv6zY ",2
180,0,2013-02-20,Lemon Tea,@theo_citron,"Je pense que dans 10 minutes, je vais taper guérir d'un cancer du poumon. #EffetDoctissimo",0
181,0,2013-02-18,TEGBO Wannée,@genywannee,Le citron ennemi N°1 du cancer http://fb.me/1X6fF3zwN ,0
182,0,2013-02-18,Ndarinfo.com,@ndarinfonews,"#Senegal #Ndar | Le citron ennemi N°1 du cancer: Institut de Sciences de la Santé, L.L.C. 819... | #Sunu2012 #kebetu http://xfru.it/W4y6ec ",0
183,0,2013-02-07,rongione fabrizio,@fabriziorongion,Le WWF qui s'allie à Coca pour sauver les ours blancs. C'est comme si le jus de citron s'alliait au cancer pour sauver l'homme.,1
184,0,2012-12-08,Noury,@quatcent,il parait que le citron est l'ennemi n°1 du cancer........ cherche à confirmer l'information.,0
185,0,2012-12-05,Florence,@deVulpillieres,"Le citron, miracle contre le cancer. Lisez ici: http://bien-etre-dans-sa-vie.com/le-citron-miracle-contre-le-cancer/ … http://fb.me/1KzTAsS2N ",0
186,0,2012-11-27,Florence,@deVulpillieres,"Le citron, miracle contre le cancer http://bien-etre-dans-sa-vie.com/le-citron-miracle-contre-le-cancer/ …",0
187,0,2012-11-05,salehchek,@salehchek,"Le citron ennemi N°1 du cancer C'est à savoir et à diffuser... Institut de Sciences de la Santé, L.L.C. 819 N.... http://fb.me/2csLz0Jqp ",0
188,0,2012-10-30,Looney Foundation,@Looney_Twins,"Depui taleur je tousse, jpensé ke seté le cancer finalement ma mere me fai de lhuile dolive du miel et du citron et sa va mieu #remededubled",0
189,0,2012-10-23,Yvon Brunelle,@gaminsage,"Tuyau: La santé par le citron, notamment contre le cancer - Le blog d' Eva, R-sistons à la crise : http://0z.fr/lIhDg ",0
190,0,2012-10-13,massé philippe,@phildu17,Le citron ennemi N°1 du cancer - debat actualité humour discuter de tout et de rien question de tout un peu http://blablaterama.blog4ever.com/blog/lire-article-442691-9577734-le_citron_ennemi_n_1_du_cancer.html …,0
191,0,2012-09-11,D. GOUSMAN,@Bigup509,"Certains aliments ont des pouvoirs guérisseurs ! Ail, citron, noix... ont des vertus contre le cholestérol, le cancer, l’hypertension etc..",0
192,0,2012-08-31,Aya❁,@LetsLoveKhalifa,"Maman elle me dit que si je bois trop le citron j'aurais le cancer de l'estomac toussa pour que j'arrete de boir , mddr",0
193,0,2012-08-24,vinz meusefm,@eliote54,"@max_boublil le citron a des vertus contre le cancer, prouvé parA+B.il faut l'introduire ds don alimentation. Attention aux ulcéreux juste",0
194,0,2012-08-20,Djoumessi jaures,@Djoumessijaures,SECRET pour eviter le cancer et meme le soigner !!! consommer regulierement du CITRON...... merci de faire partager,0
195,0,2012-08-10,johanne simoneau,@mmesouris,"@LiseDion Un bon remède efficace,mange du citron frais avec du sel.Ca dégorge le foie et est anti cancer :)",0
196,0,2012-08-01,tambaseybane koita,@tambaseybane,Cancer : Le citron est 10.000 fois plus puissant que la chimiothérapie - Le citron est 10.000 fois plus… http://sos-crise.over-blog.com/article-cancer-le-citron-est-10-000-fois-plus-puissant-que-la-chimiotherapie-94942585.html#fromTwitter …,0
197,0,2012-07-12,NIELS RODIN,@NIELSRODIN,"Le yuzu, le nouvel atout santé venu du pays du soleil levant http://bit.ly/NqBNsU ",0
198,0,2012-07-11,Films actu,@Films_actu,"Le citron et le bol en raku l'attendent, en bas. - Le Club de Mediapart http://bit.ly/S3G6zh  http://goo.gl/gct5 ",0
199,0,2012-07-08,Monique Beauchamp,@moniqueb54,"Ce qu'on nous cache sur le #citron #cancer. Sa fait deux fois que j,attends parler de cette publicité http://www.lexpressiondz.com/autres/de_quoi_jme_mele/156701-ce-qu-on-nous-cache-sur-le-citron.html …",0
200,0,2012-07-02,Sébastien Couix,@deefuz,@debcukier Dans 50 ans on reparlera du cancer de la peau au contact du Paic Citron ! :D,0
201,0,2012-06-20,Pape Mor Lo,@papemorlo,Tous Contre Le Cancer: Le citron est 10 000 fois plus puissant que la chi... http://guerircancer.blogspot.com/2012/06/le-citron-est-10-000-fois-plus-puissant.html?spref=tw …,0
202,0,2012-06-17,The Lumberjack ,@un_citron,"McDonald partenaire des J.O, c'est comme si Marlboro etait partenaire de la ligue contre le cancer",1
203,0,2012-05-29,Mitou Georges,@georgesmitteran,bon à savoir car l'ignorance tue! Une bonne Citronnade Le citron ennemi N°1 du cancer C'est à savoir et à... http://fb.me/28iaHiH2J ,0
204,0,2012-05-28,Prideful Amy ✨,@DiggaMyDigga,On m'a tellement buté aux risques de Cancer de la peau après ça que je me bute au Thé froid citron depuis l'enfance,0
205,0,2012-05-28,Jules Bramont,@Vaporline,"Tuyau: La santé par le citron, notamment contre le cancer -… http://sos-crise.over-blog.com/article-tuyau-la-sante-par-le-citron-notamment-contre-le-cancer-59824456.html …",0
206,0,2012-05-21,Arch O'oze,@Arch_Ooze,A toutes fins utiles!!! http://fb.me/142GN39QR ,0
207,0,2012-05-19,Jules Bramont,@Vaporline,"Tuyau: La santé par le citron, notamment contre le cancer -… http://sos-crise.over-blog.com/article-tuyau-la-sante-par-le-citron-notamment-contre-le-cancer-59824456.html …",0
208,0,2012-05-07,hymou tunisiano,@hymou,Le citron ennemi N°1 du cancer . C'est à savoir et à diffuser.. http://fb.me/1Lj2QwhEb ,0
209,0,2012-05-07,Nadine El Chaer,@EllaNadsu,Le citron ennemi N°1 du cancer C'est à savoir et à diffuser... http://goo.gl/xnvXu ,0
210,0,2012-05-01,Nathalie Roch,@NathalieMRoch,Nouveau délire sur Facebook pour aider la lutte du cancer du sein. Moi je suis un Milkshake Fraise Citron Cerise! #pasenviedemettreçasurFB,0
211,0,2012-04-30,Instants Bien-Être,@maitaaina,Le citron ennemi N°1 du cancer http://fb.me/1HyqxhnO8 ,0
212,0,2012-04-28,Hakoww,@Hako_T,#ChezLesArabes quand t'as un cancer ils trouvent toujours une solution genre boit du lait avec un citron et une mandarine t'inquiète...,2
213,0,2012-04-28,Hakoww,@Hako_T,#ChezLesArabes quand t'as un cancer ils trouvent toujours une solution genre boit du lait avec un citron et une mandarine t'inquiète...,2
214,0,2012-04-19,Sandrine Beaudoin,@mmesandy,"Le jour où vous aurez un cancer, (inévitablement), manger du citron pi des champignons. Avec une thérapie par l'Echo.",0
215,0,2012-04-02,Monsan Victor,@monsanvictor,Lemon Hoaxest | HoaxBuster - Vérifier l'information en circulation sur le web: http://bit.ly/HHVhdM  via @AddThis,0
216,0,2012-04-01,TEGBO Wannée,@genywannee,Le citron ennemi N°1 du cancer http://0z.fr/wu2E2 ,0
217,0,2012-02-19,Marmouzets,@Marmouzets,@coquelicom je précise que je n'ai rien contre le naturel mais j'ai encore reçu un mail hier de traitement du cancer par le citron :/,0
218,0,2012-02-18,Robert Chevalier,@khiboutt,Le citron contre le cancer - Les canulars du moment http://techno.ca.msn.com/photos/galeriedephotos.aspx?cp-documentid=28291576&page=3&ocid=tweet …,0
219,0,2012-02-10,DUVERNY CHRISTINE,@DAILLYCHRISTIAN,D�sinformation (Cancer/citron) http://lnkd.in/g3357C ,0
220,0,2012-02-09,Eric Lambrech,@SelfEntreprise,"symptôme cancer, cancer et citron, asperge et cance.. http://bit.ly/Ahn2Wk  #alimentation #contre #le #asperge #et #cancer",0
221,0,2012-01-20,FLASHFALCON,@Flashfalcon_,"Rick Thunder mixe au Citron ce soir ! Si les lyonnais veulent cancer sur du bon son, bouncer, shaker leur booty,... http://fb.me/1pVBRkjqM ",0
222,0,2012-01-18,Dyv62,@DYv62,Rumeur Citron Anti-Cancer http://www.hoaxbuster.com/hoaxliste/cancer-citron … http://bit.ly/xBN4b4  via @addthis,0
223,0,2012-01-15,B de hertogh,@BHertogh,Cancer : \Le citron est 10.000 fois plus puissant que la chimiothérapie\ - Le citron est 10.000 fois plus… http://sos-crise.over-blog.com/article-cancer-le-citron-est-10-000-fois-plus-puissant-que-la-chimiotherapie-94942585.html …,0
224,0,2012-01-15,Madeleine Moisan,@Framboisine44,Cancer : \Le citron est 10.000 fois plus puissant que la chimiothérapie\ - Le citron est 10.000 fois plus… http://sos-crise.over-blog.com/article-cancer-le-citron-est-10-000-fois-plus-puissant-que-la-chimiotherapie-94942585.html …,1
225,0,2012-01-15,Françoise BAUMAL,@euphanie,Cancer : Le citron est 10.000 fois plus puissant que la chimiothérapie - Le citron est 10.000 fois plus… http://sos-crise.over-blog.com/article-cancer-le-citron-est-10-000-fois-plus-puissant-que-la-chimiotherapie-94942585.html#fromTwitter …,2
226,0,2012-01-14,Pascal Villaret,@pascalvillaret,Cancer : 'Le citron est 10.000 fois plus puissant que la chimiothérapie' http://fb.me/1AyP5oJLQ ,0
227,0,2012-01-08,Monique Beauchamp,@moniqueb54,Cancer : \Le citron est 10.000 fois plus puissant que la chimiothérapie\ - Le citron est 10.000 fois plus… http://sos-crise.over-blog.com/article-cancer-le-citron-est-10-000-fois-plus-puissant-que-la-chimiotherapie-94942585.html …,0
228,0,2012-01-05,klinb821,@klinb821,"http://www.wikistrike.com/article-le-citron-est-10-000-fois-plus-puissant-que-la-chimiotherapie-93311928.html … Pas besoin de s'empoisonner, autant prévenir #citron #cancer #solution #chimiothérapie",0
229,0,2011-12-26,DUPARC Georges Louis,@Ramanand_Amma,Cancer : \Le citron est 10.000 fois plus puissant que la chimiothérapie\ - Le citron est 10.000 fois plus… http://sos-crise.over-blog.com/article-cancer-le-citron-est-10-000-fois-plus-puissant-que-la-chimiotherapie-94942585.html …,0
230,0,2011-12-23,GRIMAUD GENEVIEVE,@gg3428,http://Guerir.org  : Du citron pour diminuer le risque de cancer http://lnkd.in/K8Bfmp ,0
231,0,2011-12-19,Bernadette Dursun,@Bernie1818,Le citron est 10.000 fois plus puissant que la chimiothérapie ! http://www.monmag.com/2011/12/14/le-citron-est-10-000-fois-plus-puissant-que-la-chimiotherapie/ … #santé #cancer #citron #maladie,0
232,0,2011-12-15,Hager Ben Jazia,@Blond_A_savoir,les gens mangez ou buvez du citron ! ça tue les cellules malignes dans 12 types de cancer !,2
233,0,2011-12-13,balbc,@balbc,A quand la tarte au citron qui guérira le cancer hein ? http://bit.ly/t0cYtE ,0
234,0,2011-11-16,ABEDISPORT,@DiabitalSport,Le citron ennemi N°1 du cancer http://sk.mu/a7dXR1QG9wDv ,0
235,0,2011-10-23,Reponses Bio,@reponsesbio,La prévention du cancer commence avec le citron et les crucifères - http://goo.gl/mM7tr  via @Shareaholic,0
236,0,2011-10-21,Abdallah,@rattal2005,"Les CITRON est un remède miracle contre le cancer, le web contient pas mal d'info sur le sujet. S'inforemr et conseiller vos connaissances.",0
237,0,2011-10-11,La Voix Peuhle,@lavoixpeuhle,"Le citron ennemi N°1 du cancer selon Institut de Sciences de la Santé, L.L.C. 819 N. Causez Street, Baltimore, MD 1201 http://www.lavoixpeuhle.info/2011/10/11/sante-le-citron-ennemi-n%c2%b01-du-cancer-selon-institut-de-sciences-de-la-sante-l-l-c-819-",
238,0,2011-10-09,Steph Chart,@StefTHEChart,"@DAVIDsTEA http://yfrog.com/o04x4glj , my heart beats for #mycupoftea the vert et citron, un anti cancer suite à l'annonce du cancer de ma maman!",0
239,0,2011-10-09,Steph Chart,@StefTHEChart,"@DAVIDsTEA The vert et citron!depuis que ma maman a le cancer, on travail fort pour ingurgiter les bonnes choses dont le the vert :) MERCI",0
240,0,2011-07-22,Afro Lite,@AfroLites,"[ Santé féminine ] Question ouverte : Le citron, effet curatif du cancer du sein? http://bit.ly/r4jSG7",0
241,0,2011-07-21,Paris Girl,@frenchcharme,Question ouverte: Le citron peut-il guerir le cancer?,0
242,0,2011-07-12,anne,@silverfoxxz,@uLemon J'espère que t'as pas le cancer du citron... :'( #pamplejoke,0
243,0,2011-06-20,Yeca.fr,@yeca_fr,"Yeca.fr : Le citron, un produit miraculeux contre le cancer? http://bit.ly/jJEo9F",0
244,0,2011-06-15,Benoît Leprince,@bleprince,"Soigner un cancer au jus de citron ou par concentration: Le rapport annuel de la Miviludes, rendu public ce merc... http://bit.ly/mE8Q5Y",0
245,0,2011-06-15,Paris Match,@ParisMatch,"Soigner un cancer au jus de citron ou par concentration: Le rapport annuel de la Miviludes, rendu public ce merc... http://bit.ly/mGZom9",3
246,0,2011-06-15,Urbivox Paris,@ParisVox,"Soigner un cancer au jus de citron ou par concentration: Le rapport annuel de la Miviludes, rend... http://bit.ly/j7DKPv www.Urbivox.org",0
247,0,2011-06-15,PARKER,@Beryann,@ouestfrancefr ou l'inverse ?: le jus de citron ne guérit pas de la fin du monde et 2012 ne sera pas la fin du cancer.,0
248,0,2011-06-15,Stéphane Vernay,@StephaneVernay,"Non, le jus de citron ne guérit pas le cancer et 2012 n'est pas la fin du monde http://bit.ly/lsQWXA  Sectes & Internet. J'aime de titre :)",0
249,0,2011-06-15,Carole,@morbihannaise,Sectes. Le jus de citron ne guérit pas le cancer et 2012 n'est pas la fin du monde http://www.ouest-france.fr/r.php?d=1834867&c=39382 … via @ouestfrancefr,0
250,0,2011-06-15,Ouest-France,@OuestFrance,France : Sectes. Le jus de citron ne guérit pas le cancer et 2012 n'est pas la fin du monde http://bit.ly/j08jHf,0
251,0,2011-06-15,Jean Zeid,@JeanZeid,Sectes. Le jus de citron ne guérit pas le cancer et 2012 n'est pas la fin du monde http://bit.ly/k7o9Vv,0
252,0,2011-06-14,Balthazar Rouberol,@brouberol,Entendu sur #iTélé : Ne croyez pas ces méthodes qui prétendent guérir le cancer avec du jus de citron ou du bicarbonate de soude. Ah bon?,0
253,0,2011-06-14,nat,@nathalie1302,Sectes: le jus de citron ne guérit pas le cancer - Romandie http://bit.ly/lwgdH1 ,0
254,0,2011-06-14,Ghassan Noël Basile,@gnbasile,Sectes: le jus de citron ne guérit pas le cancer,0
255,0,2011-06-14,INFOS_FR,@INFOS_FR,Sectes: le jus de citron ne guérit pas le cancer - Romandie.com http://tinyurl.com/5r6lzuj,1
256,0,2011-06-14,GuillaumeNB,@GuillaumeNB,RT @MaximBey Mise en garde de la Miviludes (anti-sectes) : le jus de #citron ne guérit pas le cancer. Tellement déçu...,0
257,0,2011-06-14,Maxime Daridan,@MaximBey,Mise en garde de la Miviludes (anti-sectes) : le jus de #citron ne guérit pas le cancer. Tellement déçu...,0
258,0,2011-04-11,bik,@bik16,le citron serait efficace contre le cancer http://onenparle.xooit.fr/t1109-CITRON.htm#p7860,0
259,0,2011-03-14,Araignée,@Aragne,On vient de m'envoyer un chain-mail prétendant que le citron guérit le cancer. Je vais le forwarder aux cancéreux de mon groupe de parole.,0
260,0,2010-11-30,CadetRoussel,@CadetRoussel,Du citron contre le cancer! http://0z.fr/dTbsU,0
261,0,2010-11-21,Laguerre james D.,@Jadala2011,"Le citron:régule la tension artérielle trop haute,combat la tension détruit les cellules malignes du cancer et est antidépressive.",0
262,0,2010-11-15,JCM,@JCM857,Et si c'était vrai !!!! Le citron contre le cancer Information intéressante et importante: (cont) http://tl.gd/701r29,0
263,0,2010-11-09,Valérie Deslauriers,@SauzaClassic,"SAVIEZ-VOUS QUE LE CITRON PEUT AIDER À PRÉVENIR ET À VAINCRE LE CANCER?? EN FAIT, IL S'AVÈRERAIT MÊME ÊTRE PLUS... http://fb.me/xaAfMEnx",0
264,0,2010-11-06,tarek zack,@ztarek,"Tuyau: La santé par le citron, notamment contre le cancer http://0z.fr/lIhDg",1
265,0,2010-10-31,JHIMY J LEADERSHIP,@anewleader,le citron contre le cancer une information gardee secrete par les laboratoires. visiter www. noukapab.com http://ning.it/ap6eJR,0
266,0,2010-10-31,noukapab.com,@noukapab,le citron contre le cancer une information gardee secrete par les laboratoires. visiter www. noukapab.com http://ning.it/ap6eJR,0
267,0,2010-10-04,ABTEL Agence Web,@abtelseo,"Le citron bénéfique, nous protègerait-il du cancer ? http://bit.ly/8Xkawz",0
268,0,2010-09-24,ABTEL Agence Web,@abtelseo,"Le citron bénéfique, nous protègerait-il du cancer ? http://nblo.gs/8hUCV",0
